order_id,invoice_id,order_date,invoice_date,user_id,order_status,invoice_status,invoice_total,invoice_pay_method,invoice_due_date,invoice_paid_date
304032,4061821,2026-09-29T00:00,2026-09-29T00:00,19278,Pending,Paid,99.00,payfast,2026-09-30T00:00,2026-09-29T00:00
304033,4061822,2026-09-29T00:00,2026-09-29T00:00,22550,Pending,Paid,99.00,payfast,2026-09-30T00:00,2026-09-29T00:00
304035,4061829,2026-09-29T00:00,2026-09-29T00:00,57175,Pending,Paid,12.67,payfast,2026-09-30T00:00,2026-09-29T00:00
304036,4061831,2026-09-29T00:00,2026-09-29T00:00,159760,Pending,Unpaid,899.00,payfast,2026-09-30T00:00,
304037,4061832,2026-09-29T00:00,2026-09-29T00:00,159475,Pending,Paid,105.60,payfast,2026-09-30T00:00,2026-09-29T00:00
304038,4061834,2026-09-29T00:00,2026-09-29T00:00,137482,Pending,Paid,99.00,payfast,2026-09-30T00:00,2026-09-29T00:00
304039,4061841,2026-09-29T00:00,2026-09-29T00:00,145249,Pending,Paid,5030.14,payfast,2026-09-30T00:00,2026-09-29T00:00
304040,4061846,2026-09-29T00:00,2026-09-29T00:00,159761,Pending,Paid,99.00,payfasteft,2026-09-30T00:00,2026-09-29T00:00
304041,4061847,2026-09-29T00:00,2026-09-29T00:00,58949,Pending,Unpaid,137.60,mygateDebit,2026-09-30T00:00,
304042,4061848,2026-09-29T00:00,2026-09-29T00:00,78979,Pending,Unpaid,53.33,banktransfer,2026-09-30T00:00,
304043,4061851,2026-09-29T00:00,2026-09-29T00:00,140133,Pending,Paid,408.00,payfast,2026-09-30T00:00,2026-09-29T00:00
304044,4061852,2026-09-29T00:00,2026-09-29T00:00,159762,Pending,Paid,99.00,payfast,2026-09-30T00:00,2026-09-29T00:00
304047,4061855,2026-09-29T00:00,2026-09-29T00:00,159763,Pending,Unpaid,515.00,mygateDebit,2026-09-30T00:00,
303967,4061291,2026-09-28T00:00,2026-09-28T00:00,159743,Pending,Unpaid,899.00,payfast,2026-09-29T00:00,
303968,4061292,2026-09-28T00:00,2026-09-28T00:00,70908,Pending,Paid,39.00,payfast,2026-09-29T00:00,2026-09-28T00:00
303969,4061293,2026-09-28T00:00,2026-09-28T00:00,70908,Pending,Unpaid,78.00,payfast,2026-09-29T00:00,
303970,4061294,2026-09-28T00:00,2026-09-28T00:00,41352,Pending,Paid,197.90,snapscan,2026-09-29T00:00,2026-09-28T00:00
303971,4061297,2026-09-28T00:00,2026-09-28T00:00,4296,Pending,Paid,0.00,mygateDebit,2026-09-29T00:00,2026-09-28T00:00
303972,4061306,2026-09-28T00:00,2026-09-28T00:00,159746,Pending,Unpaid,899.00,mygateDebit,2026-09-29T00:00,
303975,4061312,2026-09-28T00:00,2026-09-28T00:00,30776,Pending,Paid,99.00,payfast,2026-09-29T00:00,2026-09-28T00:00
303976,4061313,2026-09-28T00:00,2026-09-28T00:00,159747,Pending,Unpaid,899.00,payfast,2026-09-29T00:00,
303977,4061314,2026-09-28T00:00,2026-09-28T00:00,18552,Pending,Cancelled,99.00,payfast,2026-09-29T00:00,
303978,4061315,2026-09-28T00:00,2026-09-28T00:00,125134,Pending,Paid,388.00,snapscan,2026-09-29T00:00,2026-09-28T00:00
303979,4061318,2026-09-28T00:00,2026-09-28T00:00,41492,Pending,Unpaid,109.00,banktransfer,2026-09-29T00:00,
303980,4061319,2026-09-28T00:00,2026-09-28T00:00,18552,Pending,Paid,141.90,payfast,2026-09-29T00:00,2026-09-28T00:00
303981,4061320,2026-09-28T00:00,2026-09-28T00:00,159749,Pending,Unpaid,899.00,payfast,2026-09-29T00:00,
303982,4061321,2026-09-28T00:00,2026-09-28T00:00,52969,Pending,Paid,0.00,payfasteft,2026-09-29T00:00,2026-09-29T00:00
303983,4061324,2026-09-28T00:00,2026-09-28T00:00,8261,Pending,Paid,99.00,payfast,2026-09-29T00:00,2026-09-28T00:00
303984,4061326,2026-09-28T00:00,2026-09-28T00:00,159750,Pending,Unpaid,899.00,payfast,2026-09-29T00:00,
303985,4061328,2026-09-28T00:00,2026-09-28T00:00,157643,Pending,Paid,39.00,payfast,2026-09-29T00:00,2026-09-28T00:00
303986,4061329,2026-09-28T00:00,2026-09-28T00:00,67188,Pending,Unpaid,39.00,snapscan,2026-09-29T00:00,
303987,4061330,2026-09-28T00:00,2026-09-28T00:00,17586,Pending,Paid,0.00,payfast,2026-09-29T00:00,2026-09-28T00:00
303988,4061332,2026-09-28T00:00,2026-09-28T00:00,18552,Pending,Paid,0.00,mygateDebit,2026-09-29T00:00,2026-09-28T00:00
303989,4061333,2026-09-28T00:00,2026-09-28T00:00,9376,Pending,Paid,108.90,payfast,2026-09-29T00:00,2026-09-28T00:00
303990,4061335,2026-09-28T00:00,2026-09-28T00:00,132331,Cancelled,Refunded,91.68,payfast,2026-09-29T00:00,2026-09-28T00:00
303991,4061339,2026-09-28T00:00,2026-09-28T00:00,145284,Pending,Paid,99.00,payfasteft,2026-09-29T00:00,2026-09-28T00:00
303992,4061341,2026-09-28T00:00,2026-09-28T00:00,145284,Pending,Paid,108.90,payfasteft,2026-09-29T00:00,2026-09-28T00:00
303993,4061342,2026-09-28T00:00,2026-09-28T00:00,159751,Pending,Unpaid,899.00,payfast,2026-09-29T00:00,
303994,4061344,2026-09-28T00:00,2026-09-28T00:00,9376,Pending,Paid,230.90,payfast,2026-09-29T00:00,2026-09-28T00:00
303995,4061346,2026-09-28T00:00,2026-09-28T00:00,159752,Pending,Unpaid,899.00,payfast,2026-09-29T00:00,
303996,4061350,2026-09-28T00:00,2026-09-28T00:00,159753,Pending,Paid,289.00,payfast,2026-09-29T00:00,2026-09-28T00:00
303997,4061352,2026-09-28T00:00,2026-09-28T00:00,76576,Active,Paid,0.00,banktransfer,2026-09-29T00:00,2026-09-28T00:00
303998,4061353,2026-09-28T00:00,2026-09-28T00:00,73285,Pending,Paid,108.90,payfasteft,2026-09-29T00:00,2026-09-28T00:00
303999,4061356,2026-09-28T00:00,2026-09-28T00:00,159753,Pending,Paid,91.68,payfast,2026-09-29T00:00,2026-09-28T00:00
304000,4061357,2026-09-28T00:00,2026-09-28T00:00,159754,Pending,Paid,99.00,payfasteft,2026-09-29T00:00,2026-09-28T00:00
304001,4061358,2026-09-28T00:00,2026-09-28T00:00,61142,Pending,Paid,198.00,payfast,2026-09-29T00:00,2026-09-28T00:00
304002,4061359,2026-09-28T00:00,2026-09-28T00:00,61142,Pending,Paid,99.00,payfast,2026-09-29T00:00,2026-09-28T00:00
304003,4061360,2026-09-28T00:00,2026-09-28T00:00,97408,Pending,Paid,99.00,payfasteft,2026-09-29T00:00,2026-09-28T00:00
304004,4061363,2026-09-28T00:00,2026-09-28T00:00,159755,Pending,Paid,39.00,payfasteft,2026-09-29T00:00,2026-09-28T00:00
304005,4061364,2026-09-28T00:00,2026-09-28T00:00,159738,Pending,Unpaid,899.00,payfast,2026-09-29T00:00,
304006,4061366,2026-09-28T00:00,2026-09-28T00:00,6039,Pending,Paid,0.00,banktransfer,2026-09-29T00:00,2026-09-29T00:00
304007,4061368,2026-09-28T00:00,2026-09-28T00:00,122611,Pending,Paid,397.90,payfast,2026-09-29T00:00,2026-09-28T00:00
304008,4061369,2026-09-28T00:00,2026-09-28T00:00,8261,Pending,Paid,388.00,payfast,2026-09-29T00:00,2026-09-28T00:00
304009,4061370,2026-09-28T00:00,2026-09-28T00:00,17584,Pending,Paid,99.00,payfast,2026-09-29T00:00,2026-09-28T00:00
304010,4061371,2026-09-28T00:00,2026-09-28T00:00,145293,Pending,Paid,99.00,payfasteft,2026-09-29T00:00,2026-09-28T00:00
304013,4061372,2026-09-28T00:00,2026-09-28T00:00,145293,Pending,Paid,99.00,payfasteft,2026-09-29T00:00,2026-09-28T00:00
304014,4061373,2026-09-28T00:00,2026-09-28T00:00,10407,Pending,Paid,387.90,payfast,2026-09-29T00:00,2026-09-28T00:00
304015,4061374,2026-09-28T00:00,2026-09-28T00:00,137873,Pending,Paid,45.00,payfast,2026-09-29T00:00,2026-09-28T00:00
304016,4061375,2026-09-28T00:00,2026-09-28T00:00,17823,Pending,Paid,109.00,payfast,2026-09-29T00:00,2026-09-28T00:00
304017,4061376,2026-09-28T00:00,2026-09-28T00:00,137873,Pending,Paid,109.68,payfast,2026-09-29T00:00,2026-09-28T00:00
304018,4061377,2026-09-28T00:00,2026-09-28T00:00,99708,Pending,Paid,0.00,mygateDebit,2026-09-29T00:00,2026-09-28T00:00
304019,4061381,2026-09-28T00:00,2026-09-28T00:00,159753,Pending,Paid,279.00,payfast,2026-09-29T00:00,2026-09-28T00:00
304020,4061385,2026-09-28T00:00,2026-09-28T00:00,7198,Pending,Paid,39.00,payfast,2026-09-29T00:00,2026-09-28T00:00
304021,4061386,2026-09-28T00:00,2026-09-28T00:00,159756,Pending,Unpaid,303.50,payfast,2026-09-29T00:00,
304022,4061387,2026-09-28T00:00,2026-09-28T00:00,140863,Pending,Paid,849.07,payfast,2026-09-29T00:00,2026-09-28T00:00
304023,4061388,2026-09-28T00:00,2026-09-28T00:00,159757,Pending,Paid,99.00,mygateDebit,2026-09-29T00:00,2026-09-28T00:00
304024,4061389,2026-09-28T00:00,2026-09-28T00:00,159757,Pending,Paid,279.00,payfast,2026-09-29T00:00,2026-09-28T00:00
304025,4061390,2026-09-28T00:00,2026-09-28T00:00,159758,Pending,Unpaid,289.00,payfast,2026-09-29T00:00,
304026,4061391,2026-09-28T00:00,2026-09-28T00:00,67482,Pending,Paid,467.90,payfast,2026-09-29T00:00,2026-09-28T00:00
304027,4061392,2026-09-28T00:00,2026-09-28T00:00,143607,Pending,Paid,99.00,payfast,2026-09-29T00:00,2026-09-28T00:00
304028,4061393,2026-09-28T00:00,2026-09-28T00:00,109555,Pending,Unpaid,199.00,mygateDebit,2026-09-29T00:00,
304029,4061394,2026-09-28T00:00,2026-09-28T00:00,159759,Pending,Paid,99.00,payfasteft,2026-09-29T00:00,2026-09-28T00:00
304030,4061395,2026-09-28T00:00,2026-09-28T00:00,159759,Pending,Unpaid,279.00,payfast,2026-09-29T00:00,
303944,4060872,2026-09-27T00:00,2026-09-27T00:00,159734,Pending,Unpaid,899.00,payfast,2026-09-28T00:00,
303945,4060873,2026-09-27T00:00,2026-09-27T00:00,159736,Pending,Paid,157.20,payfasteft,2026-09-28T00:00,2026-09-27T00:00
303946,4060875,2026-09-27T00:00,2026-09-27T00:00,15085,Pending,Paid,279.00,snapscan,2026-09-28T00:00,2026-09-27T00:00
303947,4060876,2026-09-27T00:00,2026-09-27T00:00,159737,Pending,Paid,39.00,payfasteft,2026-09-28T00:00,2026-09-27T00:00
303948,4060877,2026-09-27T00:00,2026-09-27T00:00,113068,Pending,Paid,99.00,payfast,2026-09-28T00:00,2026-09-27T00:00
303949,4060878,2026-09-27T00:00,2026-09-27T00:00,148601,Pending,Paid,112.20,payfast,2026-09-28T00:00,2026-09-27T00:00
303950,4060879,2026-09-27T00:00,2026-09-27T00:00,81801,Pending,Paid,5599.00,payfast,2026-09-28T00:00,2026-09-27T00:00
303951,4060881,2026-09-27T00:00,2026-09-27T00:00,5168,Pending,Paid,99.00,snapscan,2026-09-28T00:00,2026-09-27T00:00
303952,4060882,2026-09-27T00:00,2026-09-27T00:00,158886,Pending,Paid,99.00,payfast,2026-09-28T00:00,2026-09-27T00:00
303953,4060883,2026-09-27T00:00,2026-09-27T00:00,159741,Pending,Unpaid,899.00,payfast,2026-09-28T00:00,
303957,4060885,2026-09-27T00:00,2026-09-27T00:00,40774,Pending,Paid,99.00,payfasteft,2026-09-28T00:00,2026-09-27T00:00
303958,4060886,2026-09-27T00:00,2026-09-27T00:00,2494,Pending,Paid,0.00,payfast,2026-09-28T00:00,2026-09-27T00:00
303959,4060887,2026-09-27T00:00,2026-09-27T00:00,40774,Pending,Paid,99.00,payfasteft,2026-09-28T00:00,2026-09-27T00:00
303960,4060890,2026-09-27T00:00,2026-09-27T00:00,39900,Pending,Paid,248.20,payfast,2026-09-28T00:00,2026-09-27T00:00
303961,4060892,2026-09-27T00:00,2026-09-27T00:00,65750,Pending,Paid,91.95,payfast,2026-09-28T00:00,2026-09-28T00:00
303963,4060893,2026-09-27T00:00,2026-09-27T00:00,159733,Pending,Paid,0.00,payfasteft,2026-09-28T00:00,2026-09-27T00:00
303964,4060894,2026-09-27T00:00,2026-09-27T00:00,159733,Pending,Paid,0.00,snapscan,2026-09-28T00:00,2026-09-27T00:00
303965,4060896,2026-09-27T00:00,2026-09-27T00:00,159733,Pending,Unpaid,39.00,payfasteft,2026-09-28T00:00,
303966,4060897,2026-09-27T00:00,2026-09-27T00:00,159733,Pending,Paid,39.00,payfasteft,2026-09-28T00:00,2026-09-27T00:00
303922,4059950,2026-09-26T00:00,2026-09-26T00:00,158879,Pending,Unpaid,322.80,payfast,2026-09-27T00:00,
303923,4059951,2026-09-26T00:00,2026-09-26T00:00,141154,Pending,Paid,0.00,payfast,2026-09-27T00:00,2026-09-26T00:00
303924,4059952,2026-09-26T00:00,2026-09-26T00:00,159625,Pending,Paid,99.00,payfast,2026-09-27T00:00,2026-09-26T00:00
303925,4060411,2026-09-26T00:00,2026-09-26T00:00,159725,Pending,Unpaid,899.00,payfast,2026-09-27T00:00,
303926,4060412,2026-09-26T00:00,2026-09-26T00:00,159726,Pending,Unpaid,899.00,payfast,2026-09-27T00:00,
303927,4060417,2026-09-26T00:00,2026-09-26T00:00,159728,Pending,Paid,150.50,payfast,2026-09-27T00:00,2026-09-26T00:00
303928,4060419,2026-09-26T00:00,2026-09-26T00:00,159729,Pending,Unpaid,899.00,payfast,2026-09-27T00:00,
303929,4060422,2026-09-26T00:00,2026-09-26T00:00,143485,Pending,Paid,115.50,payfasteft,2026-09-27T00:00,2026-09-26T00:00
303930,4060423,2026-09-26T00:00,2026-09-26T00:00,37294,Pending,Paid,0.00,mygateDebit,2026-09-27T00:00,2026-09-26T00:00
303932,4060427,2026-09-26T00:00,2026-09-26T00:00,123747,Pending,Paid,99.00,payfasteft,2026-09-27T00:00,2026-09-26T00:00
303933,4060428,2026-09-26T00:00,2026-09-26T00:00,26889,Pending,Paid,99.00,payfast,2026-09-27T00:00,2026-09-26T00:00
303934,4060429,2026-09-26T00:00,2026-09-26T00:00,159730,Pending,Unpaid,899.00,payfast,2026-09-27T00:00,
303935,4060430,2026-09-26T00:00,2026-09-26T00:00,159731,Pending,Unpaid,899.00,payfast,2026-09-27T00:00,
303936,4060431,2026-09-26T00:00,2026-09-26T00:00,125134,Pending,Unpaid,99.00,snapscan,2026-09-27T00:00,
303937,4060432,2026-09-26T00:00,2026-09-26T00:00,125134,Pending,Paid,99.00,payfast,2026-09-27T00:00,2026-09-26T00:00
303938,4060433,2026-09-26T00:00,2026-09-26T00:00,126662,Pending,Paid,75.83,payfast,2026-09-27T00:00,2026-09-26T00:00
303939,4060437,2026-09-26T00:00,2026-09-26T00:00,159733,Pending,Paid,39.00,payfast,2026-09-27T00:00,2026-09-26T00:00
303942,4060439,2026-09-26T00:00,2026-09-26T00:00,95604,Pending,Paid,99.00,payfast,2026-09-27T00:00,2026-09-26T00:00
303943,4060441,2026-09-26T00:00,2026-09-26T00:00,9985,Pending,Paid,99.00,payfasteft,2026-09-27T00:00,2026-09-26T00:00
303886,4059314,2026-09-25T00:00,2026-09-25T00:00,159714,Pending,Unpaid,899.00,payfast,2026-09-26T00:00,
303887,4059880,2026-09-25T00:00,2026-09-25T00:00,159715,Pending,Unpaid,899.00,payfast,2026-09-26T00:00,
303888,4059883,2026-09-25T00:00,2026-09-25T00:00,159716,Pending,Paid,899.00,payfast,2026-09-26T00:00,2026-09-25T00:00
303889,4059884,2026-09-25T00:00,2026-09-25T00:00,97408,Pending,Paid,99.00,payfasteft,2026-09-26T00:00,2026-09-25T00:00
303890,4059888,2026-09-25T00:00,2026-09-25T00:00,63584,Pending,Paid,99.00,payfast,2026-09-26T00:00,2026-09-25T00:00
303891,4059891,2026-09-25T00:00,2026-09-25T00:00,131125,Pending,Unpaid,99.00,mygateDebit,2026-09-26T00:00,
303892,4059894,2026-09-25T00:00,2026-09-25T00:00,110022,Pending,Paid,99.00,payfasteft,2026-09-26T00:00,2026-09-25T00:00
303893,4059896,2026-09-25T00:00,2026-09-25T00:00,73475,Active,Paid,0.00,payfast,2026-09-26T00:00,2026-09-25T00:00
303896,4059905,2026-09-25T00:00,2026-09-25T00:00,18316,Pending,Paid,99.00,snapscan,2026-09-26T00:00,2026-09-25T00:00
303897,4059909,2026-09-25T00:00,2026-09-25T00:00,159721,Pending,Paid,177.00,payfast,2026-09-26T00:00,2026-09-25T00:00
303898,4059911,2026-09-25T00:00,2026-09-25T00:00,157665,Pending,Paid,99.00,payfasteft,2026-09-26T00:00,2026-09-25T00:00
303899,4059917,2026-09-25T00:00,2026-09-25T00:00,102664,Pending,Unpaid,99.00,payfasteft,2026-09-26T00:00,
303900,4059918,2026-09-25T00:00,2026-09-25T00:00,159722,Pending,Paid,388.00,payfast,2026-09-26T00:00,2026-09-28T00:00
303901,4059919,2026-09-25T00:00,2026-09-25T00:00,68790,Pending,Paid,118.80,payfast,2026-09-26T00:00,2026-09-25T00:00
303902,4059922,2026-09-25T00:00,2026-09-25T00:00,159226,Pending,Paid,289.00,payfasteft,2026-09-26T00:00,2026-09-25T00:00
303904,4059923,2026-09-25T00:00,2026-09-25T00:00,70605,Pending,Paid,0.00,mygateDebit,2026-09-26T00:00,2026-09-25T00:00
303905,4059924,2026-09-25T00:00,2026-09-25T00:00,159723,Pending,Paid,99.00,payfasteft,2026-09-26T00:00,2026-09-25T00:00
303906,4059927,2026-09-25T00:00,2026-09-25T00:00,9985,Pending,Paid,99.00,payfast,2026-09-26T00:00,2026-09-25T00:00
303907,4059928,2026-09-25T00:00,2026-09-25T00:00,145921,Pending,Unpaid,99.00,payfasteft,2026-09-26T00:00,
303908,4059929,2026-09-25T00:00,2026-09-25T00:00,145921,Pending,Unpaid,99.00,payfasteft,2026-09-26T00:00,
303909,4059930,2026-09-25T00:00,2026-09-25T00:00,145921,Pending,Paid,99.00,payfasteft,2026-09-26T00:00,2026-09-25T00:00
303910,4059931,2026-09-25T00:00,2026-09-25T00:00,102664,Pending,Paid,99.00,payfasteft,2026-09-26T00:00,2026-09-25T00:00
303912,4059933,2026-09-25T00:00,2026-09-25T00:00,128690,Pending,Unpaid,78.00,payfasteft,2026-09-26T00:00,
303913,4059935,2026-09-25T00:00,2026-09-25T00:00,159724,Pending,Paid,99.00,payfast,2026-09-26T00:00,2026-09-25T00:00
303914,4059940,2026-09-25T00:00,2026-09-25T00:00,48563,Pending,Paid,99.00,payfast,2026-09-26T00:00,2026-09-25T00:00
303916,4059941,2026-09-25T00:00,2026-09-25T00:00,126255,Pending,Paid,99.00,payfast,2026-09-26T00:00,2026-09-25T00:00
303917,4059942,2026-09-25T00:00,2026-09-25T00:00,121122,Pending,Paid,423.80,payfast,2026-09-26T00:00,2026-09-25T00:00
303918,4059946,2026-09-25T00:00,2026-09-25T00:00,20807,Pending,Paid,289.00,payfasteft,2026-09-26T00:00,2026-09-25T00:00
303919,4059947,2026-09-25T00:00,2026-09-25T00:00,21208,Pending,Paid,99.00,payfast,2026-09-26T00:00,2026-09-25T00:00
303920,4059948,2026-09-25T00:00,2026-09-25T00:00,126662,Pending,Unpaid,69.00,mygateDebit,2026-09-26T00:00,
303921,4059949,2026-09-25T00:00,2026-09-25T00:00,113068,Pending,Paid,99.00,payfast,2026-09-26T00:00,2026-09-25T00:00
303875,4051966,2026-09-24T00:00,2026-09-24T00:00,159706,Pending,Unpaid,899.00,payfast,2026-09-25T00:00,
303876,4059198,2026-09-24T00:00,2026-09-24T00:00,102064,Pending,Unpaid,99.00,mygateDebit,2026-09-25T00:00,
303877,4059200,2026-09-24T00:00,2026-09-24T00:00,17663,Pending,Paid,776.00,mygateDebit,2026-09-25T00:00,2026-09-26T00:00
303878,4059202,2026-09-24T00:00,2026-09-24T00:00,73475,Pending,Paid,538.00,payfast,2026-09-25T00:00,2026-09-24T00:00
303879,4059205,2026-09-24T00:00,2026-09-24T00:00,159709,Pending,Paid,99.00,payfast,2026-09-25T00:00,2026-09-24T00:00
303880,4059207,2026-09-24T00:00,2026-09-24T00:00,124968,Pending,Paid,99.00,payfast,2026-09-25T00:00,2026-09-24T00:00
303882,4059208,2026-09-24T00:00,2026-09-24T00:00,159710,Pending,Unpaid,899.00,payfast,2026-09-25T00:00,
303883,4059210,2026-09-24T00:00,2026-09-24T00:00,159711,Pending,Unpaid,899.00,payfast,2026-09-25T00:00,
303884,4059211,2026-09-24T00:00,2026-09-24T00:00,159712,Pending,Unpaid,899.00,payfast,2026-09-25T00:00,
303885,4059212,2026-09-24T00:00,2026-09-24T00:00,159713,Pending,Paid,289.00,offlineeft,2026-09-25T00:00,2026-09-26T00:00
303833,4049922,2026-09-23T00:00,2026-09-23T00:00,65943,Pending,Paid,99.00,payfast,2026-09-24T00:00,2026-09-23T00:00
303834,4050145,2026-09-23T00:00,2026-09-23T00:00,159683,Pending,Paid,125.40,payfast,2026-09-24T00:00,2026-09-25T00:00
303835,4050146,2026-09-23T00:00,2026-09-23T00:00,17538,Pending,Unpaid,279.00,payfast,2026-09-24T00:00,
303836,4050147,2026-09-23T00:00,2026-09-23T00:00,17538,Pending,Unpaid,279.00,payfast,2026-09-24T00:00,
303837,4050148,2026-09-23T00:00,2026-09-23T00:00,17538,Pending,Paid,279.00,payfast,2026-09-24T00:00,2026-09-23T00:00
303838,4050149,2026-09-23T00:00,2026-09-23T00:00,74175,Pending,Paid,99.00,offlinedeposit,2026-09-24T00:00,2026-09-24T00:00
303839,4050151,2026-09-23T00:00,2026-09-23T00:00,159689,Pending,Unpaid,899.00,payfast,2026-09-24T00:00,
303840,4050155,2026-09-23T00:00,2026-09-23T00:00,159690,Pending,Paid,125.40,payfasteft,2026-09-24T00:00,2026-09-23T00:00
303841,4050156,2026-09-23T00:00,2026-09-23T00:00,46991,Pending,Paid,109.00,payfast,2026-09-24T00:00,2026-09-23T00:00
303842,4050158,2026-09-23T00:00,2026-09-23T00:00,76311,Pending,Paid,299.00,payfast,2026-09-24T00:00,2026-09-23T00:00
303843,4050160,2026-09-23T00:00,2026-09-23T00:00,159692,Pending,Unpaid,899.00,payfast,2026-09-24T00:00,
303844,4050161,2026-09-23T00:00,2026-09-23T00:00,59324,Pending,Unpaid,125.40,banktransfer,2026-09-24T00:00,
303846,4050162,2026-09-23T00:00,2026-09-23T00:00,77982,Pending,Unpaid,289.00,mygateDebit,2026-09-24T00:00,
303847,4050163,2026-09-23T00:00,2026-09-23T00:00,17586,Pending,Paid,0.00,payfast,2026-09-24T00:00,2026-09-23T00:00
303849,4050164,2026-09-23T00:00,2026-09-23T00:00,38544,Pending,Unpaid,93.03,payfasteft,2026-09-24T00:00,
303850,4050165,2026-09-23T00:00,2026-09-23T00:00,159695,Pending,Cancelled,99.00,payfasteft,2026-09-24T00:00,
303851,4050166,2026-09-23T00:00,2026-09-23T00:00,159695,Pending,Paid,99.00,payfasteft,2026-09-24T00:00,2026-09-23T00:00
303852,4050168,2026-09-23T00:00,2026-09-23T00:00,18016,Pending,Unpaid,388.00,mygateDebit,2026-09-24T00:00,
303853,4050169,2026-09-23T00:00,2026-09-23T00:00,159696,Pending,Paid,298.00,payfasteft,2026-09-24T00:00,2026-09-23T00:00
303854,4050170,2026-09-23T00:00,2026-09-23T00:00,19627,Cancelled,Cancelled,279.00,payfast,2026-09-24T00:00,
303855,4050174,2026-09-23T00:00,2026-09-23T00:00,159699,Pending,Unpaid,899.00,payfast,2026-09-24T00:00,
303856,4050175,2026-09-23T00:00,2026-09-23T00:00,159700,Pending,Paid,163.40,payfasteft,2026-09-24T00:00,2026-09-23T00:00
303858,4050177,2026-09-23T00:00,2026-09-23T00:00,61142,Pending,Paid,99.00,payfast,2026-09-24T00:00,2026-09-23T00:00
303859,4050179,2026-09-23T00:00,2026-09-23T00:00,159698,Cancelled,Cancelled,899.00,payfast,2026-09-24T00:00,
303860,4050182,2026-09-23T00:00,2026-09-23T00:00,96895,Active,Paid,0.00,payfast,2026-09-24T00:00,2026-09-23T00:00
303861,4050184,2026-09-23T00:00,2026-09-23T00:00,159702,Pending,Unpaid,899.00,payfast,2026-09-24T00:00,
303862,4050186,2026-09-23T00:00,2026-09-23T00:00,11234,Pending,Paid,99.00,payfast,2026-09-24T00:00,2026-09-23T00:00
303863,4050187,2026-09-23T00:00,2026-09-23T00:00,19627,Pending,Paid,0.00,payfast,2026-09-24T00:00,2026-09-23T00:00
303864,4050188,2026-09-23T00:00,2026-09-23T00:00,19627,Pending,Paid,0.00,payfast,2026-09-24T00:00,2026-09-23T00:00
303865,4050189,2026-09-23T00:00,2026-09-23T00:00,127015,Pending,Paid,99.00,payfast,2026-09-24T00:00,2026-09-23T00:00
303866,4050191,2026-09-23T00:00,2026-09-23T00:00,159703,Pending,Unpaid,899.00,payfast,2026-09-24T00:00,
303867,4050195,2026-09-23T00:00,2026-09-23T00:00,17802,Pending,Paid,99.00,payfast,2026-09-24T00:00,2026-09-23T00:00
303868,4050197,2026-09-23T00:00,2026-09-23T00:00,157334,Pending,Paid,315.40,payfast,2026-09-24T00:00,2026-09-23T00:00
303869,4050198,2026-09-23T00:00,2026-09-23T00:00,17923,Pending,Unpaid,99.00,mygateDebit,2026-09-24T00:00,
303870,4050199,2026-09-23T00:00,2026-09-23T00:00,17923,Pending,Unpaid,99.00,mygateDebit,2026-09-24T00:00,
303871,4050200,2026-09-23T00:00,2026-09-23T00:00,419,Pending,Unpaid,269.00,mygateDebit,2026-09-24T00:00,
303872,4050201,2026-09-23T00:00,2026-09-23T00:00,17875,Pending,Paid,0.00,payfast,2026-09-24T00:00,2026-09-25T00:00
303873,4050203,2026-09-23T00:00,2026-09-23T00:00,38669,Pending,Paid,1115.00,payfast,2026-09-24T00:00,2026-09-23T00:00
303874,4050204,2026-09-23T00:00,2026-09-23T00:00,159705,Pending,Paid,39.00,payfasteft,2026-09-24T00:00,2026-09-23T00:00
303784,4049854,2026-09-22T00:00,2026-09-22T00:00,136359,Pending,Paid,99.00,payfast,2026-09-23T00:00,2026-09-23T00:00
303785,4049855,2026-09-22T00:00,2026-09-22T00:00,22841,Pending,Unpaid,289.00,payfast,2026-09-23T00:00,
303786,4049857,2026-09-22T00:00,2026-09-22T00:00,76311,Pending,Paid,99.00,payfast,2026-09-23T00:00,2026-09-22T00:00
303787,4049859,2026-09-22T00:00,2026-09-22T00:00,25865,Pending,Paid,0.00,mygateDebit,2026-09-23T00:00,2026-09-22T00:00
303788,4049860,2026-09-22T00:00,2026-09-22T00:00,40548,Pending,Paid,78.00,payfast,2026-09-23T00:00,2026-09-22T00:00
303789,4049864,2026-09-22T00:00,2026-09-22T00:00,76239,Pending,Paid,99.00,payfast,2026-09-23T00:00,2026-09-22T00:00
303790,4049868,2026-09-22T00:00,2026-09-22T00:00,69967,Pending,Paid,128.70,payfast,2026-09-23T00:00,2026-09-28T00:00
303792,4049872,2026-09-22T00:00,2026-09-22T00:00,76239,Pending,Paid,154.70,payfast,2026-09-23T00:00,2026-09-22T00:00
303793,4049873,2026-09-22T00:00,2026-09-22T00:00,159672,Pending,Unpaid,899.00,payfast,2026-09-23T00:00,
303794,4049875,2026-09-22T00:00,2026-09-22T00:00,22841,Pending,Unpaid,289.00,payfast,2026-09-23T00:00,
303795,4049876,2026-09-22T00:00,2026-09-22T00:00,159162,Active,Paid,128.70,mygateDebit,2026-09-23T00:00,2026-09-23T00:00
303796,4049878,2026-09-22T00:00,2026-09-22T00:00,1949,Pending,Paid,0.00,mygateDebit,2026-09-23T00:00,2026-09-22T00:00
303797,4049880,2026-09-22T00:00,2026-09-22T00:00,73491,Cancelled,Cancelled,128.70,payfasteft,2026-09-23T00:00,
303798,4049881,2026-09-22T00:00,2026-09-22T00:00,73491,Pending,Paid,167.70,payfasteft,2026-09-23T00:00,2026-09-25T00:00
303799,4049884,2026-09-22T00:00,2026-09-22T00:00,29346,Pending,Paid,279.00,payfast,2026-09-23T00:00,2026-09-22T00:00
303800,4049886,2026-09-22T00:00,2026-09-22T00:00,159673,Pending,Cancelled,1674.00,payfasteft,2026-09-23T00:00,
303802,4049888,2026-09-22T00:00,2026-09-22T00:00,145284,Pending,Paid,128.70,payfasteft,2026-09-23T00:00,2026-09-23T00:00
303803,4049889,2026-09-22T00:00,2026-09-22T00:00,18305,Pending,Paid,1674.00,payfast,2026-09-23T00:00,2026-09-23T00:00
303804,4049891,2026-09-22T00:00,2026-09-22T00:00,46583,Pending,Paid,99.00,payfast,2026-09-23T00:00,2026-09-22T00:00
303805,4049892,2026-09-22T00:00,2026-09-22T00:00,110513,Pending,Paid,0.00,offlineeft,2026-09-23T00:00,2026-09-22T00:00
303806,4049894,2026-09-22T00:00,2026-09-22T00:00,96916,Pending,Paid,289.00,snapscan,2026-09-23T00:00,2026-09-22T00:00
303807,4049896,2026-09-22T00:00,2026-09-22T00:00,159669,Active,Paid,0.00,payfasteft,2026-09-23T00:00,2026-09-22T00:00
303808,4049897,2026-09-22T00:00,2026-09-22T00:00,61932,Pending,Paid,289.00,payfast,2026-09-23T00:00,2026-09-22T00:00
303810,4049899,2026-09-22T00:00,2026-09-22T00:00,159675,Pending,Unpaid,899.00,payfast,2026-09-23T00:00,
303811,4049900,2026-09-22T00:00,2026-09-22T00:00,63725,Pending,Cancelled,84.50,payfasteft,2026-09-23T00:00,
303812,4049901,2026-09-22T00:00,2026-09-22T00:00,50122,Pending,Paid,99.00,mygateDebit,2026-09-23T00:00,2026-09-28T00:00
303813,4049902,2026-09-22T00:00,2026-09-22T00:00,159676,Pending,Unpaid,899.00,payfast,2026-09-23T00:00,
303814,4049903,2026-09-22T00:00,2026-09-22T00:00,159677,Pending,Unpaid,222.50,mygateDebit,2026-09-23T00:00,
303815,4049904,2026-09-22T00:00,2026-09-22T00:00,60728,Pending,Unpaid,99.00,payfast,2026-09-23T00:00,
303816,4049905,2026-09-22T00:00,2026-09-22T00:00,159678,Pending,Unpaid,39.00,offlinedeposit,2026-09-23T00:00,
303817,4049906,2026-09-22T00:00,2026-09-22T00:00,159679,Pending,Unpaid,99.00,offlinedeposit,2026-09-23T00:00,
303818,4049907,2026-09-22T00:00,2026-09-22T00:00,1045,Pending,Paid,0.00,payfast,2026-09-23T00:00,2026-09-22T00:00
303819,4049908,2026-09-22T00:00,2026-09-22T00:00,44280,Pending,Paid,279.00,payfasteft,2026-09-23T00:00,2026-09-22T00:00
303820,4049909,2026-09-22T00:00,2026-09-22T00:00,159681,Pending,Paid,99.00,payfasteft,2026-09-23T00:00,2026-09-22T00:00
303821,4049910,2026-09-22T00:00,2026-09-22T00:00,64884,Pending,Paid,0.00,mygateDebit,2026-09-23T00:00,2026-09-22T00:00
303822,4049911,2026-09-22T00:00,2026-09-22T00:00,19637,Pending,Unpaid,99.00,payfasteft,2026-09-23T00:00,
303823,4049912,2026-09-22T00:00,2026-09-22T00:00,159682,Pending,Paid,289.00,payfasteft,2026-09-23T00:00,2026-09-22T00:00
303824,4049913,2026-09-22T00:00,2026-09-22T00:00,26889,Pending,Paid,99.00,mygateDebit,2026-09-23T00:00,2026-09-28T00:00
303825,4049914,2026-09-22T00:00,2026-09-22T00:00,19637,Pending,Paid,99.00,payfasteft,2026-09-23T00:00,2026-09-22T00:00
303826,4049915,2026-09-22T00:00,2026-09-22T00:00,159683,Active,Paid,99.00,offlinedeposit,2026-09-23T00:00,2026-09-24T00:00
303827,4049916,2026-09-22T00:00,2026-09-22T00:00,40155,Pending,Paid,388.00,payfast,2026-09-23T00:00,2026-09-22T00:00
303828,4049917,2026-09-22T00:00,2026-09-22T00:00,159684,Pending,Unpaid,899.00,payfast,2026-09-23T00:00,
303829,4049918,2026-09-22T00:00,2026-09-22T00:00,9985,Pending,Paid,99.00,payfasteft,2026-09-23T00:00,2026-09-22T00:00
303830,4049919,2026-09-22T00:00,2026-09-22T00:00,9985,Pending,Paid,99.00,payfasteft,2026-09-23T00:00,2026-09-22T00:00
303831,4049920,2026-09-22T00:00,2026-09-22T00:00,9985,Pending,Paid,99.00,payfasteft,2026-09-23T00:00,2026-09-22T00:00
303832,4049921,2026-09-22T00:00,2026-09-22T00:00,150110,Pending,Paid,99.00,payfast,2026-09-23T00:00,2026-09-22T00:00
303740,4049054,2026-09-21T00:00,2026-09-21T00:00,30854,Pending,Paid,388.00,mygateDebit,2026-09-22T00:00,2026-09-25T00:00
303741,4049536,2026-09-21T00:00,2026-09-21T00:00,63246,Pending,Paid,408.00,payfast,2026-09-22T00:00,2026-09-21T00:00
303742,4049538,2026-09-21T00:00,2026-09-21T00:00,159663,Pending,Unpaid,296.00,payfast,2026-09-22T00:00,
303743,4049539,2026-09-21T00:00,2026-09-21T00:00,159664,Pending,Unpaid,296.00,payfast,2026-09-22T00:00,
303744,4049541,2026-09-21T00:00,2026-09-21T00:00,9985,Pending,Paid,99.00,payfasteft,2026-09-22T00:00,2026-09-21T00:00
303745,4049542,2026-09-21T00:00,2026-09-21T00:00,111278,Pending,Paid,109.00,payfast,2026-09-22T00:00,2026-09-21T00:00
303746,4049544,2026-09-21T00:00,2026-09-21T00:00,133878,Pending,Paid,99.00,payfasteft,2026-09-22T00:00,2026-09-21T00:00
303747,4049545,2026-09-21T00:00,2026-09-21T00:00,61079,Pending,Paid,99.00,mygateDebit,2026-09-22T00:00,2026-09-25T00:00
303748,4049546,2026-09-21T00:00,2026-09-21T00:00,18169,Pending,Paid,20.00,payfast,2026-09-22T00:00,2026-09-21T00:00
303749,4049547,2026-09-21T00:00,2026-09-21T00:00,118391,Pending,Paid,99.00,payfast,2026-09-22T00:00,2026-09-21T00:00
303750,4049549,2026-09-21T00:00,2026-09-21T00:00,159600,Pending,Paid,132.00,payfasteft,2026-09-22T00:00,2026-09-21T00:00
303751,4049559,2026-09-21T00:00,2026-09-21T00:00,17872,Pending,Paid,99.00,payfasteft,2026-09-22T00:00,2026-09-21T00:00
303752,4049560,2026-09-21T00:00,2026-09-21T00:00,73491,Pending,Paid,0.00,offlineeft,2026-09-22T00:00,2026-09-21T00:00
303753,4049565,2026-09-21T00:00,2026-09-21T00:00,159667,Pending,Cancelled,132.00,mygateDebit,2026-09-22T00:00,
303754,4049566,2026-09-21T00:00,2026-09-21T00:00,159666,Pending,Unpaid,899.00,payfast,2026-09-22T00:00,
303755,4049575,2026-09-21T00:00,2026-09-21T00:00,159668,Pending,Unpaid,899.00,payfast,2026-09-22T00:00,
303757,4049580,2026-09-21T00:00,2026-09-21T00:00,29346,Pending,Paid,99.00,payfast,2026-09-22T00:00,2026-09-21T00:00
303758,4049583,2026-09-21T00:00,2026-09-21T00:00,26366,Pending,Paid,99.00,offlineeft,2026-09-22T00:00,2026-09-25T00:00
303759,4049589,2026-09-21T00:00,2026-09-21T00:00,3356,Pending,Paid,289.00,payfast,2026-09-22T00:00,2026-09-21T00:00
303760,4049591,2026-09-21T00:00,2026-09-21T00:00,3356,Pending,Paid,99.00,payfast,2026-09-22T00:00,2026-09-21T00:00
303761,4049592,2026-09-21T00:00,2026-09-21T00:00,54529,Pending,Paid,99.00,payfasteft,2026-09-22T00:00,2026-09-21T00:00
303762,4049597,2026-09-21T00:00,2026-09-21T00:00,159669,Pending,Paid,0.00,payfasteft,2026-09-22T00:00,2026-09-21T00:00
303763,4049601,2026-09-21T00:00,2026-09-21T00:00,54529,Pending,Paid,86.67,payfasteft,2026-09-22T00:00,2026-09-21T00:00
303765,4049603,2026-09-21T00:00,2026-09-21T00:00,159670,Pending,Paid,225.33,payfast,2026-09-22T00:00,2026-09-21T00:00
303766,4049605,2026-09-21T00:00,2026-09-21T00:00,59324,Pending,Paid,109.00,payfasteft,2026-09-22T00:00,2026-09-21T00:00
303767,4049606,2026-09-21T00:00,2026-09-21T00:00,159671,Pending,Paid,99.00,payfast,2026-09-22T00:00,2026-09-21T00:00
303768,4049608,2026-09-21T00:00,2026-09-21T00:00,66205,Pending,Paid,225.00,payfasteft,2026-09-22T00:00,2026-09-21T00:00
303769,4049609,2026-09-21T00:00,2026-09-21T00:00,64664,Pending,Unpaid,99.00,payfasteft,2026-09-22T00:00,
303770,4049610,2026-09-21T00:00,2026-09-21T00:00,64664,Pending,Paid,99.00,payfasteft,2026-09-22T00:00,2026-09-21T00:00
303771,4049612,2026-09-21T00:00,2026-09-21T00:00,6008,Pending,Paid,299.00,payfast,2026-09-22T00:00,2026-09-21T00:00
303772,4049614,2026-09-21T00:00,2026-09-21T00:00,159325,Pending,Paid,99.00,payfast,2026-09-22T00:00,2026-09-21T00:00
303773,4049615,2026-09-21T00:00,2026-09-21T00:00,135433,Pending,Unpaid,185.67,payfasteft,2026-09-22T00:00,
303774,4049618,2026-09-21T00:00,2026-09-21T00:00,159325,Pending,Paid,520.00,payfast,2026-09-22T00:00,2026-09-21T00:00
303775,4049619,2026-09-21T00:00,2026-09-21T00:00,159325,Pending,Paid,0.00,payfast,2026-09-22T00:00,2026-09-21T00:00
303776,4049620,2026-09-21T00:00,2026-09-21T00:00,24591,Pending,Paid,99.00,payfasteft,2026-09-22T00:00,2026-09-21T00:00
303777,4049622,2026-09-21T00:00,2026-09-21T00:00,82472,Pending,Paid,99.00,payfast,2026-09-22T00:00,2026-09-21T00:00
303778,4049623,2026-09-21T00:00,2026-09-21T00:00,15714,Pending,Paid,99.00,snapscan,2026-09-22T00:00,2026-09-21T00:00
303779,4049624,2026-09-21T00:00,2026-09-21T00:00,159475,Pending,Paid,289.00,payfast,2026-09-22T00:00,2026-09-21T00:00
303780,4049625,2026-09-21T00:00,2026-09-21T00:00,54766,Pending,Paid,109.00,payfast,2026-09-22T00:00,2026-09-21T00:00
303781,4049629,2026-09-21T00:00,2026-09-21T00:00,19637,Pending,Unpaid,99.00,payfasteft,2026-09-22T00:00,
303782,4049630,2026-09-21T00:00,2026-09-21T00:00,19637,Pending,Paid,99.00,payfasteft,2026-09-22T00:00,2026-09-21T00:00
303783,4049631,2026-09-21T00:00,2026-09-21T00:00,159670,Pending,Paid,99.00,payfast,2026-09-22T00:00,2026-09-21T00:00
303728,4049043,2026-09-20T00:00,2026-09-20T00:00,67627,Pending,Unpaid,99.00,offlinedeposit,2026-09-21T00:00,
303729,4049044,2026-09-20T00:00,2026-09-20T00:00,67627,Pending,Unpaid,99.00,offlinedeposit,2026-09-21T00:00,
303730,4049045,2026-09-20T00:00,2026-09-20T00:00,159659,Pending,Paid,78.00,payfast,2026-09-21T00:00,2026-09-20T00:00
303731,4049046,2026-09-20T00:00,2026-09-20T00:00,123747,Pending,Paid,99.00,payfasteft,2026-09-21T00:00,2026-09-20T00:00
303734,4049047,2026-09-20T00:00,2026-09-20T00:00,158560,Pending,Unpaid,99.00,mygateDebit,2026-09-21T00:00,
303735,4049048,2026-09-20T00:00,2026-09-20T00:00,49227,Pending,Paid,299.00,payfast,2026-09-21T00:00,2026-09-20T00:00
303736,4049049,2026-09-20T00:00,2026-09-20T00:00,159661,Pending,Paid,187.83,payfast,2026-09-21T00:00,2026-09-20T00:00
303737,4049051,2026-09-20T00:00,2026-09-20T00:00,68503,Pending,Paid,99.00,payfast,2026-09-21T00:00,2026-09-20T00:00
303738,4049052,2026-09-20T00:00,2026-09-20T00:00,159662,Pending,Paid,99.00,payfast,2026-09-21T00:00,2026-09-20T00:00
303739,4049053,2026-09-20T00:00,2026-09-20T00:00,159350,Pending,Paid,14.67,payfasteft,2026-09-21T00:00,2026-09-20T00:00
303723,4048623,2026-09-19T00:00,2026-09-19T00:00,65535,Pending,Paid,99.00,payfast,2026-09-20T00:00,2026-09-19T00:00
303724,4048625,2026-09-19T00:00,2026-09-19T00:00,159658,Pending,Paid,38.00,payfasteft,2026-09-20T00:00,2026-09-19T00:00
303725,4048626,2026-09-19T00:00,2026-09-19T00:00,21142,Pending,Paid,1665.00,payfast,2026-09-20T00:00,2026-09-19T00:00
303726,4048627,2026-09-19T00:00,2026-09-19T00:00,21142,Pending,Paid,792.00,payfast,2026-09-20T00:00,2026-09-19T00:00
303727,4048628,2026-09-19T00:00,2026-09-19T00:00,21142,Pending,Paid,198.00,payfast,2026-09-20T00:00,2026-09-19T00:00
303683,4048174,2026-09-18T00:00,2026-09-18T00:00,98616,Pending,Paid,1125.30,payfasteft,2026-09-19T00:00,2026-09-18T00:00
303684,4048179,2026-09-18T00:00,2026-09-18T00:00,159644,Pending,Paid,51.57,payfasteft,2026-09-19T00:00,2026-09-18T00:00
303685,4048180,2026-09-18T00:00,2026-09-18T00:00,159653,Pending,Cancelled,99.00,offlinedeposit,2026-09-19T00:00,
303686,4048182,2026-09-18T00:00,2026-09-18T00:00,159653,Pending,Paid,99.00,offlinedeposit,2026-09-19T00:00,2026-09-19T00:00
303687,4048183,2026-09-18T00:00,2026-09-18T00:00,33660,Pending,Paid,1328.31,payfasteft,2026-09-19T00:00,2026-09-18T00:00
303689,4048184,2026-09-18T00:00,2026-09-18T00:00,56076,Pending,Paid,55.90,mygateDebit,2026-09-19T00:00,2026-09-25T00:00
303690,4048187,2026-09-18T00:00,2026-09-18T00:00,159654,Pending,Paid,99.00,payfast,2026-09-19T00:00,2026-09-18T00:00
303691,4048188,2026-09-18T00:00,2026-09-18T00:00,120537,Pending,Paid,42.90,payfast,2026-09-19T00:00,2026-09-18T00:00
303692,4048189,2026-09-18T00:00,2026-09-18T00:00,17672,Pending,Paid,99.00,payfast,2026-09-19T00:00,2026-09-18T00:00
303693,4048190,2026-09-18T00:00,2026-09-18T00:00,158314,Pending,Paid,0.00,offlinedeposit,2026-09-19T00:00,2026-09-18T00:00
303694,4048195,2026-09-18T00:00,2026-09-18T00:00,109433,Pending,Paid,0.00,payfasteft,2026-09-19T00:00,2026-09-25T00:00
303695,4048201,2026-09-18T00:00,2026-09-18T00:00,4794,Pending,Paid,39.00,payfast,2026-09-19T00:00,2026-09-18T00:00
303697,4048202,2026-09-18T00:00,2026-09-18T00:00,41492,Pending,Unpaid,109.00,banktransfer,2026-09-19T00:00,
303698,4048203,2026-09-18T00:00,2026-09-18T00:00,159655,Pending,Paid,250.23,payfasteft,2026-09-19T00:00,2026-09-18T00:00
303699,4048204,2026-09-18T00:00,2026-09-18T00:00,109433,Pending,Paid,1019.40,payfasteft,2026-09-19T00:00,2026-09-18T00:00
303700,4048207,2026-09-18T00:00,2026-09-18T00:00,41492,Pending,Unpaid,109.00,banktransfer,2026-09-19T00:00,
303701,4048209,2026-09-18T00:00,2026-09-18T00:00,158334,Pending,Paid,42.90,payfasteft,2026-09-19T00:00,2026-09-18T00:00
303702,4048210,2026-09-18T00:00,2026-09-18T00:00,40996,Pending,Paid,859.00,payfast,2026-09-19T00:00,2026-09-18T00:00
303704,4048212,2026-09-18T00:00,2026-09-18T00:00,159653,Pending,Paid,42.90,mygateDebit,2026-09-19T00:00,2026-09-19T00:00
303706,4048213,2026-09-18T00:00,2026-09-18T00:00,41492,Pending,Cancelled,339.00,mygateDebit,2026-09-19T00:00,
303707,4048214,2026-09-18T00:00,2026-09-18T00:00,41492,Pending,Unpaid,339.00,banktransfer,2026-09-19T00:00,
303708,4048215,2026-09-18T00:00,2026-09-18T00:00,70908,Pending,Paid,99.00,payfast,2026-09-19T00:00,2026-09-18T00:00
303709,4048217,2026-09-18T00:00,2026-09-18T00:00,5707,Pending,Paid,28.17,payfast,2026-09-19T00:00,2026-09-18T00:00
303710,4048218,2026-09-18T00:00,2026-09-18T00:00,159657,Pending,Paid,99.00,payfast,2026-09-19T00:00,2026-09-18T00:00
303711,4048220,2026-09-18T00:00,2026-09-18T00:00,159654,Pending,Paid,669.30,payfast,2026-09-19T00:00,2026-09-18T00:00
303712,4048221,2026-09-18T00:00,2026-09-18T00:00,157709,Pending,Paid,266.30,payfasteft,2026-09-19T00:00,2026-09-22T00:00
303714,4048222,2026-09-18T00:00,2026-09-18T00:00,67482,Pending,Paid,42.90,payfast,2026-09-19T00:00,2026-09-18T00:00
303715,4048223,2026-09-18T00:00,2026-09-18T00:00,68790,Pending,Paid,0.00,payfast,2026-09-19T00:00,2026-09-25T00:00
303716,4048224,2026-09-18T00:00,2026-09-18T00:00,134387,Active,Paid,151.23,mygateDebit,2026-09-19T00:00,2026-09-25T00:00
303717,4048225,2026-09-18T00:00,2026-09-18T00:00,3465,Pending,Unpaid,109.00,payfast,2026-09-19T00:00,
303719,4048229,2026-09-18T00:00,2026-09-18T00:00,44411,Pending,Unpaid,99.00,payfast,2026-09-19T00:00,
303720,4048230,2026-09-18T00:00,2026-09-18T00:00,70908,Pending,Unpaid,78.00,payfast,2026-09-19T00:00,
303721,4048231,2026-09-18T00:00,2026-09-18T00:00,64542,Pending,Paid,0.00,mygateDebit,2026-09-19T00:00,2026-09-18T00:00
303722,4048232,2026-09-18T00:00,2026-09-18T00:00,64542,Pending,Paid,0.00,mygateDebit,2026-09-19T00:00,2026-09-18T00:00
303646,4047686,2026-09-17T00:00,2026-09-17T00:00,159647,Pending,Paid,99.00,payfast,2026-09-18T00:00,2026-09-17T00:00
303647,4047689,2026-09-17T00:00,2026-09-17T00:00,137023,Pending,Paid,99.00,payfast,2026-09-18T00:00,2026-09-17T00:00
303648,4047690,2026-09-17T00:00,2026-09-17T00:00,159648,Pending,Paid,39.00,payfasteft,2026-09-18T00:00,2026-09-17T00:00
303649,4047692,2026-09-17T00:00,2026-09-17T00:00,62442,Pending,Paid,671.23,payfasteft,2026-09-18T00:00,2026-09-17T00:00
303652,4047701,2026-09-17T00:00,2026-09-17T00:00,66205,Pending,Paid,75.00,payfasteft,2026-09-18T00:00,2026-09-17T00:00
303654,4047704,2026-09-17T00:00,2026-09-17T00:00,119920,Pending,Paid,99.00,payfast,2026-09-18T00:00,2026-09-18T00:00
303655,4047706,2026-09-17T00:00,2026-09-17T00:00,159649,Pending,Paid,99.00,payfasteft,2026-09-18T00:00,2026-09-17T00:00
303656,4047713,2026-09-17T00:00,2026-09-17T00:00,4265,Pending,Paid,99.00,payfast,2026-09-18T00:00,2026-09-17T00:00
303657,4047715,2026-09-17T00:00,2026-09-17T00:00,62138,Pending,Paid,0.00,mygateDebit,2026-09-18T00:00,2026-09-17T00:00
303658,4047716,2026-09-17T00:00,2026-09-17T00:00,159574,Pending,Paid,99.00,offlinedeposit,2026-09-18T00:00,2026-09-18T00:00
303659,4047717,2026-09-17T00:00,2026-09-17T00:00,65732,Pending,Paid,0.00,payfasteft,2026-09-18T00:00,2026-09-17T00:00
303660,4047718,2026-09-17T00:00,2026-09-17T00:00,75758,Pending,Paid,99.00,payfast,2026-09-18T00:00,2026-09-17T00:00
303661,4047719,2026-09-17T00:00,2026-09-17T00:00,4296,Pending,Paid,44.33,payfast,2026-09-18T00:00,2026-09-17T00:00
303662,4047720,2026-09-17T00:00,2026-09-17T00:00,158560,Pending,Unpaid,99.00,mygateDebit,2026-09-18T00:00,
303664,4047722,2026-09-17T00:00,2026-09-17T00:00,133878,Pending,Paid,99.00,payfasteft,2026-09-18T00:00,2026-09-17T00:00
303665,4047723,2026-09-17T00:00,2026-09-17T00:00,147319,Pending,Paid,30.33,payfast,2026-09-18T00:00,2026-09-17T00:00
303666,4047726,2026-09-17T00:00,2026-09-17T00:00,159650,Pending,Paid,99.00,payfasteft,2026-09-18T00:00,2026-09-17T00:00
303667,4047731,2026-09-17T00:00,2026-09-17T00:00,18981,Pending,Paid,0.00,mygateDebit,2026-09-18T00:00,2026-09-18T00:00
303668,4047732,2026-09-17T00:00,2026-09-17T00:00,9977,Pending,Paid,0.00,payfasteft,2026-09-18T00:00,2026-09-17T00:00
303669,4047734,2026-09-17T00:00,2026-09-17T00:00,102009,Pending,Paid,30.33,payfasteft,2026-09-18T00:00,2026-09-17T00:00
303670,4047735,2026-09-17T00:00,2026-09-17T00:00,141141,Pending,Paid,0.00,mygateDebit,2026-09-18T00:00,2026-09-17T00:00
303671,4047736,2026-09-17T00:00,2026-09-17T00:00,159650,Pending,Paid,30.33,payfast,2026-09-18T00:00,2026-09-17T00:00
303672,4047737,2026-09-17T00:00,2026-09-17T00:00,130497,Pending,Paid,99.00,snapscan,2026-09-18T00:00,2026-09-17T00:00
303673,4047739,2026-09-17T00:00,2026-09-17T00:00,17387,Pending,Paid,23.33,snapscan,2026-09-18T00:00,2026-09-17T00:00
303674,4047740,2026-09-17T00:00,2026-09-17T00:00,19901,Pending,Paid,0.00,mygateDebit,2026-09-18T00:00,2026-09-17T00:00
303675,4047741,2026-09-17T00:00,2026-09-17T00:00,71216,Pending,Paid,0.00,payfasteft,2026-09-18T00:00,2026-09-17T00:00
303676,4047742,2026-09-17T00:00,2026-09-17T00:00,159652,Pending,Unpaid,99.00,mygateDebit,2026-09-18T00:00,
303677,4047743,2026-09-17T00:00,2026-09-17T00:00,4265,Pending,Paid,99.00,payfast,2026-09-18T00:00,2026-09-17T00:00
303678,4047744,2026-09-17T00:00,2026-09-17T00:00,50731,Pending,Paid,99.00,payfasteft,2026-09-18T00:00,2026-09-17T00:00
303679,4047745,2026-09-17T00:00,2026-09-17T00:00,50731,Pending,Paid,99.00,payfast,2026-09-18T00:00,2026-09-17T00:00
303680,4047746,2026-09-17T00:00,2026-09-17T00:00,137023,Pending,Paid,99.00,payfasteft,2026-09-18T00:00,2026-09-17T00:00
303681,4047749,2026-09-17T00:00,2026-09-17T00:00,159639,Pending,Paid,88.67,payfasteft,2026-09-18T00:00,2026-09-17T00:00
303682,4047750,2026-09-17T00:00,2026-09-17T00:00,59737,Pending,Unpaid,103.87,mygateDebit,2026-09-18T00:00,
303611,4047242,2026-09-16T00:00,2026-09-16T00:00,159639,Pending,Paid,99.00,payfasteft,2026-09-17T00:00,2026-09-17T00:00
303612,4047248,2026-09-16T00:00,2026-09-16T00:00,156613,Pending,Paid,49.50,payfast,2026-09-17T00:00,2026-09-16T00:00
303613,4047254,2026-09-16T00:00,2026-09-16T00:00,159629,Pending,Paid,49.50,payfasteft,2026-09-17T00:00,2026-09-16T00:00
303614,4047258,2026-09-16T00:00,2026-09-16T00:00,52922,Pending,Paid,289.00,mygateDebit,2026-09-17T00:00,2026-09-22T00:00
303615,4047260,2026-09-16T00:00,2026-09-16T00:00,73920,Pending,Paid,0.00,mygateDebit,2026-09-17T00:00,2026-09-16T00:00
303616,4047264,2026-09-16T00:00,2026-09-16T00:00,96820,Pending,Paid,99.00,mygateDebit,2026-09-17T00:00,2026-09-22T00:00
303617,4047270,2026-09-16T00:00,2026-09-16T00:00,109679,Active,Paid,49.50,mygateDebit,2026-09-17T00:00,2026-09-22T00:00
303618,4047272,2026-09-16T00:00,2026-09-16T00:00,159640,Pending,Unpaid,99.00,mygateDebit,2026-09-17T00:00,
303619,4047274,2026-09-16T00:00,2026-09-16T00:00,159641,Pending,Paid,47.50,mygateDebit,2026-09-17T00:00,2026-09-16T00:00
303620,4047275,2026-09-16T00:00,2026-09-16T00:00,101977,Pending,Paid,109.00,payfasteft,2026-09-17T00:00,2026-09-16T00:00
303621,4047279,2026-09-16T00:00,2026-09-16T00:00,157752,Pending,Paid,84.50,offlinedeposit,2026-09-17T00:00,2026-09-17T00:00
303622,4047281,2026-09-16T00:00,2026-09-16T00:00,159642,Pending,Paid,99.00,payfast,2026-09-17T00:00,2026-09-16T00:00
303623,4047282,2026-09-16T00:00,2026-09-16T00:00,5660,Pending,Paid,269.00,payfast,2026-09-17T00:00,2026-09-16T00:00
303624,4047283,2026-09-16T00:00,2026-09-16T00:00,159641,Pending,Paid,99.00,payfasteft,2026-09-17T00:00,2026-09-16T00:00
303626,4047285,2026-09-16T00:00,2026-09-16T00:00,62138,Pending,Paid,0.00,mygateDebit,2026-09-17T00:00,2026-09-16T00:00
303627,4047287,2026-09-16T00:00,2026-09-16T00:00,2194,Pending,Paid,94.50,payfast,2026-09-17T00:00,2026-09-16T00:00
303628,4047291,2026-09-16T00:00,2026-09-16T00:00,29412,Pending,Paid,0.00,payfasteft,2026-09-17T00:00,2026-09-16T00:00
303629,4047292,2026-09-16T00:00,2026-09-16T00:00,64822,Pending,Paid,0.00,payfast,2026-09-17T00:00,2026-09-17T00:00
303630,4047294,2026-09-16T00:00,2026-09-16T00:00,126617,Pending,Paid,373.50,payfasteft,2026-09-17T00:00,2026-09-16T00:00
303631,4047295,2026-09-16T00:00,2026-09-16T00:00,45373,Pending,Paid,99.00,payfast,2026-09-17T00:00,2026-09-16T00:00
303632,4047296,2026-09-16T00:00,2026-09-16T00:00,66568,Pending,Paid,0.00,payfast,2026-09-17T00:00,2026-09-16T00:00
303633,4047298,2026-09-16T00:00,2026-09-16T00:00,16876,Pending,Unpaid,99.00,mygateDebit,2026-09-17T00:00,
303634,4047300,2026-09-16T00:00,2026-09-16T00:00,72874,Pending,Paid,99.00,mygateDebit,2026-09-17T00:00,2026-09-22T00:00
303635,4047301,2026-09-16T00:00,2026-09-16T00:00,159643,Pending,Paid,338.50,mygateDebit,2026-09-17T00:00,2026-09-18T00:00
303636,4047302,2026-09-16T00:00,2026-09-16T00:00,159644,Pending,Paid,99.00,payfasteft,2026-09-17T00:00,2026-09-17T00:00
303638,4047304,2026-09-16T00:00,2026-09-16T00:00,66568,Pending,Paid,0.00,payfast,2026-09-17T00:00,2026-09-16T00:00
303639,4047306,2026-09-16T00:00,2026-09-16T00:00,553,Pending,Paid,99.00,payfast,2026-09-17T00:00,2026-09-16T00:00
303640,4047307,2026-09-16T00:00,2026-09-16T00:00,159020,Pending,Paid,0.00,mygateDebit,2026-09-17T00:00,2026-09-16T00:00
303641,4047309,2026-09-16T00:00,2026-09-16T00:00,159645,Pending,Paid,99.00,payfast,2026-09-17T00:00,2026-09-16T00:00
303642,4047310,2026-09-16T00:00,2026-09-16T00:00,159645,Pending,Paid,32.50,payfast,2026-09-17T00:00,2026-09-16T00:00
303643,4047312,2026-09-16T00:00,2026-09-16T00:00,141141,Pending,Paid,0.00,mygateDebit,2026-09-17T00:00,2026-09-16T00:00
303644,4047313,2026-09-16T00:00,2026-09-16T00:00,159646,Pending,Paid,99.00,payfast,2026-09-17T00:00,2026-09-16T00:00
303645,4047314,2026-09-16T00:00,2026-09-16T00:00,45373,Pending,Paid,99.00,payfast,2026-09-17T00:00,2026-09-16T00:00
303570,4046731,2026-09-15T00:00,2026-09-15T00:00,159631,Pending,Unpaid,899.00,payfast,2026-09-16T00:00,
303571,4046736,2026-09-15T00:00,2026-09-15T00:00,64967,Active,Cancelled,186.13,mygateDebit,2026-09-16T00:00,
303572,4046737,2026-09-15T00:00,2026-09-15T00:00,10039,Pending,Paid,40.99,payfast,2026-09-16T00:00,2026-09-15T00:00
303573,4046738,2026-09-15T00:00,2026-09-15T00:00,131279,Pending,Paid,99.00,payfast,2026-09-16T00:00,2026-09-15T00:00
303574,4046752,2026-09-15T00:00,2026-09-15T00:00,159632,Pending,Unpaid,99.00,mygateDebit,2026-09-16T00:00,
303575,4046753,2026-09-15T00:00,2026-09-15T00:00,52847,Pending,Paid,109.00,payfasteft,2026-09-16T00:00,2026-09-15T00:00
303576,4046754,2026-09-15T00:00,2026-09-15T00:00,145512,Pending,Paid,339.00,payfast,2026-09-16T00:00,2026-09-15T00:00
303577,4046755,2026-09-15T00:00,2026-09-15T00:00,37311,Pending,Paid,99.00,payfast,2026-09-16T00:00,2026-09-15T00:00
303578,4046758,2026-09-15T00:00,2026-09-15T00:00,21142,Pending,Paid,685.00,payfast,2026-09-16T00:00,2026-09-15T00:00
303579,4046759,2026-09-15T00:00,2026-09-15T00:00,19928,Pending,Paid,99.00,offlinedeposit,2026-09-16T00:00,2026-09-21T00:00
303580,4046760,2026-09-15T00:00,2026-09-15T00:00,19928,Pending,Paid,99.00,offlinedeposit,2026-09-16T00:00,2026-09-21T00:00
303581,4046761,2026-09-15T00:00,2026-09-15T00:00,159633,Pending,Unpaid,99.00,mygateDebit,2026-09-16T00:00,
303582,4046762,2026-09-15T00:00,2026-09-15T00:00,19637,Pending,Paid,99.00,payfasteft,2026-09-16T00:00,2026-09-15T00:00
303583,4046765,2026-09-15T00:00,2026-09-15T00:00,159634,Pending,Unpaid,99.00,offlinedeposit,2026-09-16T00:00,
303584,4046766,2026-09-15T00:00,2026-09-15T00:00,105248,Pending,Unpaid,99.00,payfasteft,2026-09-16T00:00,
303585,4046768,2026-09-15T00:00,2026-09-15T00:00,19928,Pending,Paid,388.00,offlinedeposit,2026-09-16T00:00,2026-09-21T00:00
303586,4046771,2026-09-15T00:00,2026-09-15T00:00,159622,Pending,Paid,68.80,payfasteft,2026-09-16T00:00,2026-09-15T00:00
303587,4046772,2026-09-15T00:00,2026-09-15T00:00,29346,Pending,Paid,99.00,payfast,2026-09-16T00:00,2026-09-15T00:00
303589,4046776,2026-09-15T00:00,2026-09-15T00:00,4351,Pending,Paid,0.00,mygateDebit,2026-09-16T00:00,2026-09-15T00:00
303590,4046777,2026-09-15T00:00,2026-09-15T00:00,158382,Pending,Unpaid,99.00,payfasteft,2026-09-16T00:00,
303591,4046778,2026-09-15T00:00,2026-09-15T00:00,40672,Pending,Paid,99.00,payfasteft,2026-09-16T00:00,2026-09-15T00:00
303592,4046779,2026-09-15T00:00,2026-09-15T00:00,159635,Pending,Paid,99.00,mygateDebit,2026-09-16T00:00,2026-09-15T00:00
303593,4046780,2026-09-15T00:00,2026-09-15T00:00,17554,Pending,Paid,99.00,mygateDebit,2026-09-16T00:00,2026-09-21T00:00
303594,4046781,2026-09-15T00:00,2026-09-15T00:00,141141,Pending,Paid,0.00,banktransfer,2026-09-16T00:00,2026-09-15T00:00
303595,4046786,2026-09-15T00:00,2026-09-15T00:00,159636,Pending,Unpaid,68.80,payfast,2026-09-16T00:00,
303596,4046789,2026-09-15T00:00,2026-09-15T00:00,159597,Pending,Paid,52.80,payfast,2026-09-16T00:00,2026-09-15T00:00
303598,4046790,2026-09-15T00:00,2026-09-15T00:00,159637,Pending,Unpaid,99.00,mygateDebit,2026-09-16T00:00,
303599,4046792,2026-09-15T00:00,2026-09-15T00:00,159638,Pending,Paid,99.00,offlineeft,2026-09-16T00:00,2026-09-16T00:00
303600,4046797,2026-09-15T00:00,2026-09-15T00:00,159635,Pending,Paid,34.67,payfasteft,2026-09-16T00:00,2026-09-15T00:00
303601,4046798,2026-09-15T00:00,2026-09-15T00:00,17835,Pending,Paid,0.00,mygateDebit,2026-09-16T00:00,2026-09-15T00:00
303602,4046800,2026-09-15T00:00,2026-09-15T00:00,16087,Pending,Paid,289.00,payfasteft,2026-09-16T00:00,2026-09-15T00:00
303603,4046805,2026-09-15T00:00,2026-09-15T00:00,10205,Pending,Paid,99.00,payfast,2026-09-16T00:00,2026-09-15T00:00
303604,4046810,2026-09-15T00:00,2026-09-15T00:00,52922,Pending,Cancelled,289.00,mygateDebit,2026-09-16T00:00,
303605,4046811,2026-09-15T00:00,2026-09-15T00:00,10205,Pending,Paid,34.67,payfast,2026-09-16T00:00,2026-09-15T00:00
303606,4046812,2026-09-15T00:00,2026-09-15T00:00,134547,Pending,Paid,0.00,payfasteft,2026-09-16T00:00,2026-09-15T00:00
303607,4046814,2026-09-15T00:00,2026-09-15T00:00,155701,Pending,Paid,169.13,offlineeft,2026-09-16T00:00,2026-09-17T00:00
303608,4046817,2026-09-15T00:00,2026-09-15T00:00,64974,Pending,Paid,299.00,payfast,2026-09-16T00:00,2026-09-15T00:00
303609,4046818,2026-09-15T00:00,2026-09-15T00:00,135598,Pending,Paid,99.00,mygateDebit,2026-09-16T00:00,2026-09-21T00:00
303610,4046821,2026-09-15T00:00,2026-09-15T00:00,117334,Pending,Paid,109.00,payfasteft,2026-09-16T00:00,2026-09-15T00:00
303527,4046225,2026-09-14T00:00,2026-09-14T00:00,2014,Pending,Paid,39.67,payfasteft,2026-09-15T00:00,2026-09-14T00:00
303528,4046226,2026-09-14T00:00,2026-09-14T00:00,142206,Pending,Paid,109.00,offlineeft,2026-09-15T00:00,2026-09-15T00:00
303529,4046227,2026-09-14T00:00,2026-09-14T00:00,70726,Pending,Unpaid,109.00,mygateDebit,2026-09-15T00:00,
303530,4046230,2026-09-14T00:00,2026-09-14T00:00,18670,Pending,Paid,1054.00,payfast,2026-09-15T00:00,2026-09-14T00:00
303531,4046233,2026-09-14T00:00,2026-09-14T00:00,18054,Pending,Paid,299.00,mygateDebit,2026-09-15T00:00,2026-09-18T00:00
303532,4046234,2026-09-14T00:00,2026-09-14T00:00,159623,Pending,Paid,99.00,mygateDebit,2026-09-15T00:00,2026-09-14T00:00
303533,4046247,2026-09-14T00:00,2026-09-14T00:00,34366,Pending,Paid,0.00,payfast,2026-09-15T00:00,2026-09-14T00:00
303534,4046248,2026-09-14T00:00,2026-09-14T00:00,32301,Pending,Paid,109.00,payfast,2026-09-15T00:00,2026-09-14T00:00
303535,4046250,2026-09-14T00:00,2026-09-14T00:00,159618,Pending,Paid,101.10,payfast,2026-09-15T00:00,2026-09-14T00:00
303536,4046251,2026-09-14T00:00,2026-09-14T00:00,53567,Pending,Paid,0.00,mygateDebit,2026-09-15T00:00,2026-09-14T00:00
303537,4046252,2026-09-14T00:00,2026-09-14T00:00,159624,Pending,Unpaid,99.00,mygateDebit,2026-09-15T00:00,
303539,4046259,2026-09-14T00:00,2026-09-14T00:00,102114,Pending,Paid,240.10,payfasteft,2026-09-15T00:00,2026-09-14T00:00
303540,4046260,2026-09-14T00:00,2026-09-14T00:00,157832,Pending,Paid,289.00,payfast,2026-09-15T00:00,2026-09-14T00:00
303541,4046261,2026-09-14T00:00,2026-09-14T00:00,110256,Pending,Paid,0.00,payfasteft,2026-09-15T00:00,2026-09-14T00:00
303542,4046262,2026-09-14T00:00,2026-09-14T00:00,71448,Pending,Paid,289.00,payfast,2026-09-15T00:00,2026-09-14T00:00
303543,4046263,2026-09-14T00:00,2026-09-14T00:00,34505,Pending,Paid,99.00,payfasteft,2026-09-15T00:00,2026-09-14T00:00
303544,4046268,2026-09-14T00:00,2026-09-14T00:00,159625,Pending,Paid,78.77,payfast,2026-09-15T00:00,2026-09-14T00:00
303545,4046269,2026-09-14T00:00,2026-09-14T00:00,153310,Pending,Paid,0.00,payfast,2026-09-15T00:00,2026-09-14T00:00
303546,4046272,2026-09-14T00:00,2026-09-14T00:00,109679,Pending,Paid,99.00,payfast,2026-09-15T00:00,2026-09-14T00:00
303547,4046274,2026-09-14T00:00,2026-09-14T00:00,159626,Pending,Paid,53.83,payfasteft,2026-09-15T00:00,2026-09-14T00:00
303548,4046277,2026-09-14T00:00,2026-09-14T00:00,47057,Pending,Paid,109.00,payfast,2026-09-15T00:00,2026-09-14T00:00
303549,4046278,2026-09-14T00:00,2026-09-14T00:00,113057,Pending,Paid,99.00,payfast,2026-09-15T00:00,2026-09-14T00:00
303550,4046279,2026-09-14T00:00,2026-09-14T00:00,159627,Pending,Paid,269.00,payfast,2026-09-15T00:00,2026-09-14T00:00
303551,4046282,2026-09-14T00:00,2026-09-14T00:00,17586,Pending,Paid,0.00,mygateDebit,2026-09-15T00:00,2026-09-14T00:00
303552,4046283,2026-09-14T00:00,2026-09-14T00:00,63815,Pending,Paid,523.77,payfast,2026-09-15T00:00,2026-09-14T00:00
303553,4046284,2026-09-14T00:00,2026-09-14T00:00,3997,Pending,Paid,80.01,payfasteft,2026-09-15T00:00,2026-09-15T00:00
303554,4046285,2026-09-14T00:00,2026-09-14T00:00,32158,Pending,Unpaid,269.00,banktransfer,2026-09-15T00:00,
303555,4046288,2026-09-14T00:00,2026-09-14T00:00,159628,Pending,Paid,78.77,payfast,2026-09-15T00:00,2026-09-14T00:00
303556,4046289,2026-09-14T00:00,2026-09-14T00:00,141298,Pending,Paid,68.00,mygateDebit,2026-09-15T00:00,2026-09-18T00:00
303557,4046290,2026-09-14T00:00,2026-09-14T00:00,155202,Pending,Paid,101.10,payfast,2026-09-15T00:00,2026-09-14T00:00
303558,4046293,2026-09-14T00:00,2026-09-14T00:00,159479,Pending,Paid,36.83,payfasteft,2026-09-15T00:00,2026-09-14T00:00
303559,4046295,2026-09-14T00:00,2026-09-14T00:00,159629,Pending,Paid,99.00,payfasteft,2026-09-15T00:00,2026-09-14T00:00
303560,4046296,2026-09-14T00:00,2026-09-14T00:00,15625,Pending,Paid,109.00,offlineeft,2026-09-15T00:00,2026-09-15T00:00
303561,4046297,2026-09-14T00:00,2026-09-14T00:00,145420,Pending,Paid,7.10,mygateDebit,2026-09-15T00:00,2026-09-16T00:00
303562,4046298,2026-09-14T00:00,2026-09-14T00:00,28628,Pending,Paid,0.00,mygateDebit,2026-09-15T00:00,2026-09-17T00:00
303563,4046305,2026-09-14T00:00,2026-09-14T00:00,159585,Pending,Paid,106.67,payfasteft,2026-09-15T00:00,2026-09-17T00:00
303564,4046307,2026-09-14T00:00,2026-09-14T00:00,137023,Pending,Paid,99.00,payfast,2026-09-15T00:00,2026-09-14T00:00
303565,4046310,2026-09-14T00:00,2026-09-14T00:00,42107,Pending,Paid,98.94,mygateDebit,2026-09-15T00:00,2026-09-17T00:00
303566,4046311,2026-09-14T00:00,2026-09-14T00:00,159623,Pending,Paid,73.10,payfast,2026-09-15T00:00,2026-09-14T00:00
303567,4046312,2026-09-14T00:00,2026-09-14T00:00,8930,Pending,Paid,99.00,payfast,2026-09-15T00:00,2026-09-14T00:00
303568,4046313,2026-09-14T00:00,2026-09-14T00:00,159630,Pending,Unpaid,99.00,mygateDebit,2026-09-15T00:00,
303569,4046314,2026-09-14T00:00,2026-09-14T00:00,8930,Pending,Paid,99.00,payfast,2026-09-15T00:00,2026-09-14T00:00
303514,4045766,2026-09-13T00:00,2026-09-13T00:00,159618,Pending,Paid,89.00,payfast,2026-09-14T00:00,2026-09-13T00:00
303515,4045767,2026-09-13T00:00,2026-09-13T00:00,159619,Pending,Unpaid,99.00,mygateDebit,2026-09-14T00:00,
303516,4045768,2026-09-13T00:00,2026-09-13T00:00,159620,Pending,Paid,59.40,payfast,2026-09-14T00:00,2026-09-13T00:00
303517,4045769,2026-09-13T00:00,2026-09-13T00:00,30555,Pending,Paid,279.00,snapscan,2026-09-14T00:00,2026-09-13T00:00
303518,4045771,2026-09-13T00:00,2026-09-13T00:00,54090,Pending,Paid,327.00,payfast,2026-09-14T00:00,2026-09-13T00:00
303519,4045772,2026-09-13T00:00,2026-09-13T00:00,36844,Pending,Paid,0.00,mygateDebit,2026-09-14T00:00,2026-09-14T00:00
303520,4045773,2026-09-13T00:00,2026-09-13T00:00,68658,Pending,Unpaid,99.00,payfast,2026-09-14T00:00,
303521,4045774,2026-09-13T00:00,2026-09-13T00:00,68658,Pending,Paid,99.00,payfasteft,2026-09-14T00:00,2026-09-13T00:00
303522,4045775,2026-09-13T00:00,2026-09-13T00:00,57538,Pending,Paid,0.00,mygateDebit,2026-09-14T00:00,2026-09-13T00:00
303523,4045778,2026-09-13T00:00,2026-09-13T00:00,159621,Pending,Unpaid,99.00,payfast,2026-09-14T00:00,
303524,4045779,2026-09-13T00:00,2026-09-13T00:00,159621,Pending,Paid,99.00,payfast,2026-09-14T00:00,2026-09-13T00:00
303525,4045780,2026-09-13T00:00,2026-09-13T00:00,159621,Pending,Paid,77.40,payfast,2026-09-14T00:00,2026-09-13T00:00
303526,4045781,2026-09-13T00:00,2026-09-13T00:00,159622,Pending,Paid,99.00,payfasteft,2026-09-14T00:00,2026-09-13T00:00
303505,4045262,2026-09-12T00:00,2026-09-12T00:00,67475,Pending,Paid,269.00,payfast,2026-09-13T00:00,2026-09-12T00:00
303506,4045263,2026-09-12T00:00,2026-09-12T00:00,159615,Pending,Paid,99.00,payfast,2026-09-13T00:00,2026-09-12T00:00
303507,4045264,2026-09-12T00:00,2026-09-12T00:00,141033,Pending,Unpaid,99.00,mygateDebit,2026-09-13T00:00,
303508,4045265,2026-09-12T00:00,2026-09-12T00:00,24119,Pending,Paid,99.00,payfast,2026-09-13T00:00,2026-09-12T00:00
303509,4045267,2026-09-12T00:00,2026-09-12T00:00,159616,Pending,Paid,99.00,payfast,2026-09-13T00:00,2026-09-12T00:00
303510,4045268,2026-09-12T00:00,2026-09-12T00:00,18075,Pending,Paid,289.00,payfasteft,2026-09-13T00:00,2026-09-12T00:00
303511,4045271,2026-09-12T00:00,2026-09-12T00:00,159617,Pending,Paid,99.00,payfasteft,2026-09-13T00:00,2026-09-12T00:00
303512,4045272,2026-09-12T00:00,2026-09-12T00:00,40672,Pending,Paid,269.00,payfast,2026-09-13T00:00,2026-09-12T00:00
303513,4045273,2026-09-12T00:00,2026-09-12T00:00,29346,Pending,Paid,99.00,payfast,2026-09-13T00:00,2026-09-12T00:00
303473,4044732,2026-09-11T00:00,2026-09-11T00:00,73714,Pending,Paid,109.00,payfasteft,2026-09-12T00:00,2026-09-11T00:00
303474,4044733,2026-09-11T00:00,2026-09-11T00:00,157446,Pending,Paid,99.00,payfast,2026-09-12T00:00,2026-09-11T00:00
303475,4044735,2026-09-11T00:00,2026-09-11T00:00,157446,Pending,Paid,99.00,payfast,2026-09-12T00:00,2026-09-11T00:00
303476,4044754,2026-09-11T00:00,2026-09-11T00:00,14153,Pending,Paid,99.00,payfast,2026-09-12T00:00,2026-09-11T00:00
303478,4044759,2026-09-11T00:00,2026-09-11T00:00,18755,Pending,Paid,99.00,payfast,2026-09-12T00:00,2026-09-13T00:00
303479,4044760,2026-09-11T00:00,2026-09-11T00:00,59834,Pending,Paid,2097.67,mygateDebit,2026-09-12T00:00,2026-09-28T00:00
303480,4044763,2026-09-11T00:00,2026-09-11T00:00,66205,Pending,Paid,150.00,payfasteft,2026-09-12T00:00,2026-09-11T00:00
303481,4044768,2026-09-11T00:00,2026-09-11T00:00,18166,Pending,Paid,299.00,payfasteft,2026-09-12T00:00,2026-09-11T00:00
303482,4044773,2026-09-11T00:00,2026-09-11T00:00,159612,Pending,Paid,99.00,payfasteft,2026-09-12T00:00,2026-09-11T00:00
303483,4044774,2026-09-11T00:00,2026-09-11T00:00,159612,Pending,Paid,43.33,payfasteft,2026-09-12T00:00,2026-09-11T00:00
303484,4044778,2026-09-11T00:00,2026-09-11T00:00,66205,Pending,Paid,300.00,payfasteft,2026-09-12T00:00,2026-09-11T00:00
303485,4044779,2026-09-11T00:00,2026-09-11T00:00,159594,Pending,Paid,66.00,payfasteft,2026-09-12T00:00,2026-09-11T00:00
303486,4044782,2026-09-11T00:00,2026-09-11T00:00,152765,Pending,Paid,0.00,payfast,2026-09-12T00:00,2026-09-14T00:00
303487,4044784,2026-09-11T00:00,2026-09-11T00:00,41492,Pending,Unpaid,299.00,banktransfer,2026-09-12T00:00,
303488,4044785,2026-09-11T00:00,2026-09-11T00:00,149787,Pending,Paid,269.00,payfast,2026-09-12T00:00,2026-09-11T00:00
303490,4044786,2026-09-11T00:00,2026-09-11T00:00,41536,Pending,Unpaid,279.00,mygateDebit,2026-09-12T00:00,
303491,4044788,2026-09-11T00:00,2026-09-11T00:00,67475,Pending,Cancelled,269.00,payfast,2026-09-12T00:00,
303492,4044793,2026-09-11T00:00,2026-09-11T00:00,70274,Pending,Paid,99.00,payfast,2026-09-12T00:00,2026-09-11T00:00
303493,4044794,2026-09-11T00:00,2026-09-11T00:00,139431,Pending,Paid,66.00,payfast,2026-09-12T00:00,2026-09-11T00:00
303494,4044796,2026-09-11T00:00,2026-09-11T00:00,65899,Pending,Unpaid,2.00,payfast,2026-09-12T00:00,
303495,4044797,2026-09-11T00:00,2026-09-11T00:00,77169,Pending,Paid,99.00,payfast,2026-09-12T00:00,2026-09-12T00:00
303496,4044798,2026-09-11T00:00,2026-09-11T00:00,77169,Pending,Cancelled,99.00,payfast,2026-09-12T00:00,
303497,4044799,2026-09-11T00:00,2026-09-11T00:00,65899,Pending,Unpaid,111.00,payfast,2026-09-12T00:00,
303498,4044800,2026-09-11T00:00,2026-09-11T00:00,65899,Pending,Paid,66.00,payfast,2026-09-12T00:00,2026-09-11T00:00
303499,4044801,2026-09-11T00:00,2026-09-11T00:00,10454,Pending,Paid,99.00,offlineeft,2026-09-12T00:00,2026-09-13T00:00
303500,4044802,2026-09-11T00:00,2026-09-11T00:00,10002,Pending,Paid,0.00,payfast,2026-09-12T00:00,2026-09-11T00:00
303503,4044811,2026-09-11T00:00,2026-09-11T00:00,159613,Pending,Paid,0.00,mygateDebit,2026-09-12T00:00,2026-09-11T00:00
303504,4044812,2026-09-11T00:00,2026-09-11T00:00,159614,Pending,Paid,66.00,payfast,2026-09-12T00:00,2026-09-11T00:00
303426,4044245,2026-09-10T00:00,2026-09-10T00:00,159603,Pending,Paid,146.67,payfasteft,2026-09-11T00:00,2026-09-10T00:00
303427,4044246,2026-09-10T00:00,2026-09-10T00:00,17872,Pending,Paid,99.00,payfast,2026-09-11T00:00,2026-09-10T00:00
303428,4044247,2026-09-10T00:00,2026-09-10T00:00,65899,Pending,Paid,273.30,payfast,2026-09-11T00:00,2026-09-10T00:00
303429,4044248,2026-09-10T00:00,2026-09-10T00:00,65899,Pending,Paid,533.30,payfast,2026-09-11T00:00,2026-09-10T00:00
303430,4044249,2026-09-10T00:00,2026-09-10T00:00,50394,Pending,Paid,279.00,payfasteft,2026-09-11T00:00,2026-09-10T00:00
303431,4044258,2026-09-10T00:00,2026-09-10T00:00,5660,Pending,Paid,99.00,payfast,2026-09-11T00:00,2026-09-10T00:00
303432,4044259,2026-09-10T00:00,2026-09-10T00:00,44411,Pending,Paid,776.00,payfast,2026-09-11T00:00,2026-09-10T00:00
303433,4044261,2026-09-10T00:00,2026-09-10T00:00,63215,Pending,Paid,0.00,payfasteft,2026-09-11T00:00,2026-09-10T00:00
303434,4044282,2026-09-10T00:00,2026-09-10T00:00,18892,Pending,Paid,99.00,payfast,2026-09-11T00:00,2026-09-12T00:00
303435,4044286,2026-09-10T00:00,2026-09-10T00:00,4794,Pending,Paid,99.00,payfast,2026-09-11T00:00,2026-09-10T00:00
303436,4044287,2026-09-10T00:00,2026-09-10T00:00,20107,Pending,Paid,99.00,payfast,2026-09-11T00:00,2026-09-10T00:00
303437,4044288,2026-09-10T00:00,2026-09-10T00:00,17802,Pending,Paid,99.00,payfast,2026-09-11T00:00,2026-09-10T00:00
303438,4044292,2026-09-10T00:00,2026-09-10T00:00,20362,Pending,Paid,0.00,mygateDebit,2026-09-11T00:00,2026-09-10T00:00
303439,4044294,2026-09-10T00:00,2026-09-10T00:00,66740,Pending,Paid,99.00,payfast,2026-09-11T00:00,2026-09-10T00:00
303440,4044296,2026-09-10T00:00,2026-09-10T00:00,66080,Pending,Paid,99.00,payfast,2026-09-11T00:00,2026-09-10T00:00
303441,4044297,2026-09-10T00:00,2026-09-10T00:00,159604,Pending,Unpaid,348.30,mygateDebit,2026-09-11T00:00,
303446,4044302,2026-09-10T00:00,2026-09-10T00:00,38891,Pending,Paid,69.30,payfasteft,2026-09-11T00:00,2026-09-13T00:00
303447,4044304,2026-09-10T00:00,2026-09-10T00:00,1986,Pending,Paid,388.00,payfast,2026-09-11T00:00,2026-09-10T00:00
303448,4044305,2026-09-10T00:00,2026-09-10T00:00,4601,Pending,Paid,45.50,payfast,2026-09-11T00:00,2026-09-10T00:00
303449,4044307,2026-09-10T00:00,2026-09-10T00:00,29412,Pending,Cancelled,339.00,payfasteft,2026-09-11T00:00,
303450,4044310,2026-09-10T00:00,2026-09-10T00:00,4254,Pending,Paid,0.00,mygateDebit,2026-09-11T00:00,2026-09-10T00:00
303451,4044311,2026-09-10T00:00,2026-09-10T00:00,159605,Pending,Cancelled,83.30,payfasteft,2026-09-11T00:00,
303452,4044314,2026-09-10T00:00,2026-09-10T00:00,17802,Pending,Paid,99.00,payfast,2026-09-11T00:00,2026-09-10T00:00
303453,4044318,2026-09-10T00:00,2026-09-10T00:00,159606,Pending,Paid,69.30,payfasteft,2026-09-11T00:00,2026-09-10T00:00
303454,4044319,2026-09-10T00:00,2026-09-10T00:00,64020,Pending,Paid,0.00,mygateDebit,2026-09-11T00:00,2026-09-10T00:00
303455,4044320,2026-09-10T00:00,2026-09-10T00:00,159485,Pending,Paid,0.00,payfast,2026-09-11T00:00,2026-09-10T00:00
303456,4044321,2026-09-10T00:00,2026-09-10T00:00,139806,Pending,Paid,99.00,payfast,2026-09-11T00:00,2026-09-10T00:00
303457,4044323,2026-09-10T00:00,2026-09-10T00:00,19739,Pending,Unpaid,379.00,mygateDebit,2026-09-11T00:00,
303458,4044324,2026-09-10T00:00,2026-09-10T00:00,33788,Pending,Paid,99.00,payfast,2026-09-11T00:00,2026-09-10T00:00
303459,4044325,2026-09-10T00:00,2026-09-10T00:00,65899,Pending,Unpaid,279.00,payfast,2026-09-11T00:00,
303460,4044326,2026-09-10T00:00,2026-09-10T00:00,65899,Pending,Paid,279.00,payfast,2026-09-11T00:00,2026-09-10T00:00
303461,4044327,2026-09-10T00:00,2026-09-10T00:00,65899,Pending,Unpaid,69.30,payfast,2026-09-11T00:00,
303462,4044328,2026-09-10T00:00,2026-09-10T00:00,159607,Pending,Unpaid,99.00,mygateDebit,2026-09-11T00:00,
303463,4044334,2026-09-10T00:00,2026-09-10T00:00,98576,Pending,Paid,299.00,payfast,2026-09-11T00:00,2026-09-10T00:00
303464,4044335,2026-09-10T00:00,2026-09-10T00:00,159608,Pending,Paid,142.30,payfast,2026-09-11T00:00,2026-09-10T00:00
303465,4044336,2026-09-10T00:00,2026-09-10T00:00,159609,Pending,Paid,99.00,payfasteft,2026-09-11T00:00,2026-09-10T00:00
303466,4044338,2026-09-10T00:00,2026-09-10T00:00,45373,Pending,Paid,99.00,payfast,2026-09-11T00:00,2026-09-10T00:00
303467,4044340,2026-09-10T00:00,2026-09-10T00:00,46910,Pending,Paid,99.00,payfasteft,2026-09-11T00:00,2026-09-10T00:00
303468,4044341,2026-09-10T00:00,2026-09-10T00:00,159609,Pending,Paid,69.30,payfasteft,2026-09-11T00:00,2026-09-10T00:00
303469,4044342,2026-09-10T00:00,2026-09-10T00:00,64598,Pending,Unpaid,99.00,payfasteft,2026-09-11T00:00,
303470,4044343,2026-09-10T00:00,2026-09-10T00:00,159610,Pending,Paid,99.00,payfasteft,2026-09-11T00:00,2026-09-10T00:00
303471,4044344,2026-09-10T00:00,2026-09-10T00:00,64598,Pending,Paid,99.00,payfasteft,2026-09-11T00:00,2026-09-10T00:00
303472,4044345,2026-09-10T00:00,2026-09-10T00:00,2565,Pending,Paid,99.00,payfast,2026-09-11T00:00,2026-09-10T00:00
303384,4043730,2026-09-09T00:00,2026-09-09T00:00,21256,Pending,Unpaid,0.00,mygateDebit,2026-09-10T00:00,
303385,4043734,2026-09-09T00:00,2026-09-09T00:00,158474,Pending,Unpaid,1918.27,mygateDebit,2026-09-10T00:00,
303386,4043735,2026-09-09T00:00,2026-09-09T00:00,20316,Pending,Paid,279.00,payfast,2026-09-10T00:00,2026-09-09T00:00
303387,4043741,2026-09-09T00:00,2026-09-09T00:00,159596,Pending,Paid,0.00,mygateDebit,2026-09-10T00:00,2026-09-09T00:00
303388,4043742,2026-09-09T00:00,2026-09-09T00:00,31521,Pending,Paid,99.00,payfast,2026-09-10T00:00,2026-09-09T00:00
303390,4043746,2026-09-09T00:00,2026-09-09T00:00,159597,Pending,Paid,99.00,payfast,2026-09-10T00:00,2026-09-09T00:00
303391,4043747,2026-09-09T00:00,2026-09-09T00:00,159598,Pending,Paid,99.00,payfasteft,2026-09-10T00:00,2026-09-09T00:00
303392,4043748,2026-09-09T00:00,2026-09-09T00:00,21799,Pending,Paid,0.00,payfast,2026-09-10T00:00,2026-09-09T00:00
303393,4043751,2026-09-09T00:00,2026-09-09T00:00,21848,Pending,Paid,109.00,payfasteft,2026-09-10T00:00,2026-09-09T00:00
303394,4043754,2026-09-09T00:00,2026-09-09T00:00,17997,Pending,Paid,0.00,mygateDebit,2026-09-10T00:00,2026-09-09T00:00
303395,4043755,2026-09-09T00:00,2026-09-09T00:00,159599,Pending,Paid,146.93,payfasteft,2026-09-10T00:00,2026-09-09T00:00
303397,4043758,2026-09-09T00:00,2026-09-09T00:00,159596,Pending,Paid,0.00,mygateDebit,2026-09-10T00:00,2026-09-09T00:00
303399,4043761,2026-09-09T00:00,2026-09-09T00:00,159600,Pending,Paid,99.00,payfasteft,2026-09-10T00:00,2026-09-14T00:00
303400,4043763,2026-09-09T00:00,2026-09-09T00:00,159573,Pending,Paid,71.60,offlineeft,2026-09-10T00:00,2026-09-10T00:00
303401,4043765,2026-09-09T00:00,2026-09-09T00:00,7131,Pending,Paid,299.00,payfast,2026-09-10T00:00,2026-09-09T00:00
303402,4043767,2026-09-09T00:00,2026-09-09T00:00,4351,Pending,Paid,0.00,mygateDebit,2026-09-10T00:00,2026-09-09T00:00
303403,4043769,2026-09-09T00:00,2026-09-09T00:00,4351,Pending,Paid,0.00,mygateDebit,2026-09-10T00:00,2026-09-09T00:00
303404,4043770,2026-09-09T00:00,2026-09-09T00:00,4351,Pending,Paid,0.00,mygateDebit,2026-09-10T00:00,2026-09-09T00:00
303405,4043771,2026-09-09T00:00,2026-09-09T00:00,29346,Pending,Paid,99.00,payfast,2026-09-10T00:00,2026-09-09T00:00
303406,4043772,2026-09-09T00:00,2026-09-09T00:00,159590,Pending,Paid,72.60,offlinedeposit,2026-09-10T00:00,2026-09-10T00:00
303407,4043773,2026-09-09T00:00,2026-09-09T00:00,40672,Pending,Paid,99.00,payfast,2026-09-10T00:00,2026-09-09T00:00
303408,4043775,2026-09-09T00:00,2026-09-09T00:00,142467,Pending,Paid,0.00,payfast,2026-09-10T00:00,2026-09-09T00:00
303409,4043776,2026-09-09T00:00,2026-09-09T00:00,142467,Pending,Paid,0.00,payfast,2026-09-10T00:00,2026-09-09T00:00
303410,4043777,2026-09-09T00:00,2026-09-09T00:00,142467,Pending,Paid,0.00,payfast,2026-09-10T00:00,2026-09-09T00:00
303411,4043778,2026-09-09T00:00,2026-09-09T00:00,71448,Pending,Paid,289.00,payfast,2026-09-10T00:00,2026-09-14T00:00
303412,4043779,2026-09-09T00:00,2026-09-09T00:00,57880,Pending,Paid,289.00,mygateDebit,2026-09-10T00:00,2026-09-16T00:00
303413,4043782,2026-09-09T00:00,2026-09-09T00:00,1892,Pending,Paid,289.00,payfast,2026-09-10T00:00,2026-09-09T00:00
303414,4043786,2026-09-09T00:00,2026-09-09T00:00,26652,Pending,Paid,299.00,payfasteft,2026-09-10T00:00,2026-09-09T00:00
303415,4043787,2026-09-09T00:00,2026-09-09T00:00,21841,Pending,Paid,111.00,payfast,2026-09-10T00:00,2026-09-09T00:00
303416,4043789,2026-09-09T00:00,2026-09-09T00:00,159601,Pending,Paid,99.00,payfast,2026-09-10T00:00,2026-09-09T00:00
303417,4043793,2026-09-09T00:00,2026-09-09T00:00,79950,Pending,Paid,0.00,mygateDebit,2026-09-10T00:00,2026-09-09T00:00
303418,4043795,2026-09-09T00:00,2026-09-09T00:00,157685,Pending,Unpaid,82.27,payfasteft,2026-09-10T00:00,
303419,4043796,2026-09-09T00:00,2026-09-09T00:00,159602,Pending,Unpaid,1003.51,payfasteft,2026-09-10T00:00,
303420,4043797,2026-09-09T00:00,2026-09-09T00:00,157622,Pending,Paid,1003.51,payfasteft,2026-09-10T00:00,2026-09-09T00:00
303421,4043798,2026-09-09T00:00,2026-09-09T00:00,159456,Pending,Paid,72.60,payfasteft,2026-09-10T00:00,2026-09-10T00:00
303422,4043800,2026-09-09T00:00,2026-09-09T00:00,39992,Pending,Paid,0.00,mygateDebit,2026-09-10T00:00,2026-09-09T00:00
303423,4043801,2026-09-09T00:00,2026-09-09T00:00,103777,Pending,Paid,99.00,payfast,2026-09-10T00:00,2026-09-09T00:00
303424,4043803,2026-09-09T00:00,2026-09-09T00:00,123640,Pending,Paid,299.00,payfast,2026-09-10T00:00,2026-09-09T00:00
303425,4043806,2026-09-09T00:00,2026-09-09T00:00,9985,Pending,Paid,396.00,payfast,2026-09-10T00:00,2026-09-09T00:00
303346,4043185,2026-09-08T00:00,2026-09-08T00:00,120442,Pending,Paid,99.00,payfast,2026-09-09T00:00,2026-09-08T00:00
303347,4043192,2026-09-08T00:00,2026-09-08T00:00,44227,Pending,Paid,20.00,payfasteft,2026-09-09T00:00,2026-09-08T00:00
303349,4043198,2026-09-08T00:00,2026-09-08T00:00,69333,Pending,Paid,0.00,mygateDebit,2026-09-09T00:00,2026-09-08T00:00
303350,4043201,2026-09-08T00:00,2026-09-08T00:00,70281,Pending,Paid,1299.00,payfast,2026-09-09T00:00,2026-09-08T00:00
303351,4043222,2026-09-08T00:00,2026-09-08T00:00,62702,Pending,Paid,0.00,payfast,2026-09-09T00:00,2026-09-08T00:00
303352,4043228,2026-09-08T00:00,2026-09-08T00:00,144758,Pending,Paid,99.00,payfast,2026-09-09T00:00,2026-09-08T00:00
303353,4043230,2026-09-08T00:00,2026-09-08T00:00,79950,Pending,Paid,0.00,mygateDebit,2026-09-09T00:00,2026-09-08T00:00
303354,4043231,2026-09-08T00:00,2026-09-08T00:00,55500,Pending,Cancelled,307.19,mygateDebit,2026-09-09T00:00,
303355,4043232,2026-09-08T00:00,2026-09-08T00:00,55500,Pending,Paid,307.19,payfast,2026-09-09T00:00,2026-09-10T00:00
303356,4043242,2026-09-08T00:00,2026-09-08T00:00,72329,Pending,Paid,0.00,mygateDebit,2026-09-09T00:00,2026-09-08T00:00
303357,4043248,2026-09-08T00:00,2026-09-08T00:00,32598,Pending,Paid,643.90,payfast,2026-09-09T00:00,2026-09-08T00:00
303358,4043256,2026-09-08T00:00,2026-09-08T00:00,7467,Pending,Paid,99.00,payfasteft,2026-09-09T00:00,2026-09-08T00:00
303359,4043264,2026-09-08T00:00,2026-09-08T00:00,131085,Pending,Paid,99.00,banktransfer,2026-09-09T00:00,2026-09-15T00:00
303360,4043267,2026-09-08T00:00,2026-09-08T00:00,72299,Pending,Paid,378.00,payfasteft,2026-09-09T00:00,2026-09-08T00:00
303361,4043268,2026-09-08T00:00,2026-09-08T00:00,79888,Pending,Paid,75.90,payfasteft,2026-09-09T00:00,2026-09-08T00:00
303362,4043270,2026-09-08T00:00,2026-09-08T00:00,152765,Pending,Paid,0.00,payfast,2026-09-09T00:00,2026-09-08T00:00
303363,4043282,2026-09-08T00:00,2026-09-08T00:00,134475,Pending,Paid,0.00,mygateDebit,2026-09-09T00:00,2026-09-08T00:00
303364,4043287,2026-09-08T00:00,2026-09-08T00:00,65641,Pending,Paid,99.00,payfast,2026-09-09T00:00,2026-09-08T00:00
303365,4043288,2026-09-08T00:00,2026-09-08T00:00,38915,Pending,Paid,99.00,payfast,2026-09-09T00:00,2026-09-08T00:00
303366,4043289,2026-09-08T00:00,2026-09-08T00:00,65641,Pending,Paid,289.00,payfast,2026-09-09T00:00,2026-09-08T00:00
303367,4043296,2026-09-08T00:00,2026-09-08T00:00,159591,Pending,Paid,99.00,payfasteft,2026-09-09T00:00,2026-09-08T00:00
303368,4043297,2026-09-08T00:00,2026-09-08T00:00,105011,Pending,Paid,49.83,payfasteft,2026-09-09T00:00,2026-09-09T00:00
303369,4043299,2026-09-08T00:00,2026-09-08T00:00,41492,Pending,Paid,0.00,mygateDebit,2026-09-09T00:00,2026-09-08T00:00
303370,4043301,2026-09-08T00:00,2026-09-08T00:00,70605,Pending,Paid,89.00,payfast,2026-09-09T00:00,2026-09-08T00:00
303371,4043302,2026-09-08T00:00,2026-09-08T00:00,70605,Pending,Paid,99.00,payfast,2026-09-09T00:00,2026-09-08T00:00
303372,4043306,2026-09-08T00:00,2026-09-08T00:00,70605,Pending,Cancelled,99.00,payfast,2026-09-09T00:00,
303373,4043307,2026-09-08T00:00,2026-09-08T00:00,70605,Pending,Paid,99.00,payfast,2026-09-09T00:00,2026-09-08T00:00
303374,4043308,2026-09-08T00:00,2026-09-08T00:00,20107,Pending,Paid,0.00,mygateDebit,2026-09-09T00:00,2026-09-08T00:00
303375,4043314,2026-09-08T00:00,2026-09-08T00:00,159484,Pending,Paid,49.83,payfast,2026-09-09T00:00,2026-09-08T00:00
303377,4043322,2026-09-08T00:00,2026-09-08T00:00,159592,Pending,Unpaid,99.00,payfasteft,2026-09-09T00:00,
303378,4043323,2026-09-08T00:00,2026-09-08T00:00,159593,Pending,Unpaid,99.00,payfasteft,2026-09-09T00:00,
303379,4043325,2026-09-08T00:00,2026-09-08T00:00,256,Pending,Paid,75.90,payfast,2026-09-09T00:00,2026-09-08T00:00
303380,4043327,2026-09-08T00:00,2026-09-08T00:00,159594,Pending,Paid,99.00,payfasteft,2026-09-09T00:00,2026-09-08T00:00
303381,4043329,2026-09-08T00:00,2026-09-08T00:00,31521,Pending,Paid,99.00,payfast,2026-09-09T00:00,2026-09-08T00:00
303382,4043331,2026-09-08T00:00,2026-09-08T00:00,45225,Pending,Paid,487.00,payfast,2026-09-09T00:00,2026-09-08T00:00
303383,4043332,2026-09-08T00:00,2026-09-08T00:00,159595,Pending,Paid,0.00,payfast,2026-09-09T00:00,2026-09-08T00:00
303302,4042596,2026-09-07T00:00,2026-09-07T00:00,159582,Pending,Paid,99.00,payfasteft,2026-09-08T00:00,2026-09-08T00:00
303303,4042662,2026-09-07T00:00,2026-09-07T00:00,159583,Pending,Paid,91.00,payfast,2026-09-08T00:00,2026-09-07T00:00
303304,4042666,2026-09-07T00:00,2026-09-07T00:00,30338,Pending,Paid,99.00,payfasteft,2026-09-08T00:00,2026-09-07T00:00
303305,4042667,2026-09-07T00:00,2026-09-07T00:00,57652,Pending,Paid,0.00,payfasteft,2026-09-08T00:00,2026-09-07T00:00
303306,4042673,2026-09-07T00:00,2026-09-07T00:00,159584,Pending,Paid,99.00,payfasteft,2026-09-08T00:00,2026-09-25T00:00
303307,4042676,2026-09-07T00:00,2026-09-07T00:00,159585,Pending,Paid,269.00,offlineeft,2026-09-08T00:00,2026-09-08T00:00
303309,4042681,2026-09-07T00:00,2026-09-07T00:00,159586,Pending,Paid,99.00,payfast,2026-09-08T00:00,2026-09-07T00:00
303310,4042685,2026-09-07T00:00,2026-09-07T00:00,159586,Pending,Paid,52.00,payfast,2026-09-08T00:00,2026-09-07T00:00
303311,4042687,2026-09-07T00:00,2026-09-07T00:00,65641,Pending,Paid,289.00,payfast,2026-09-08T00:00,2026-09-07T00:00
303312,4042693,2026-09-07T00:00,2026-09-07T00:00,80382,Pending,Paid,0.00,mygateDebit,2026-09-08T00:00,2026-09-07T00:00
303313,4042695,2026-09-07T00:00,2026-09-07T00:00,39992,Pending,Paid,0.00,mygateDebit,2026-09-08T00:00,2026-09-07T00:00
303314,4042700,2026-09-07T00:00,2026-09-07T00:00,23731,Pending,Paid,99.00,payfast,2026-09-08T00:00,2026-09-07T00:00
303317,4042703,2026-09-07T00:00,2026-09-07T00:00,48991,Pending,Paid,279.00,payfasteft,2026-09-08T00:00,2026-09-07T00:00
303318,4042708,2026-09-07T00:00,2026-09-07T00:00,18710,Pending,Paid,0.00,mygateDebit,2026-09-08T00:00,2026-09-07T00:00
303321,4042713,2026-09-07T00:00,2026-09-07T00:00,152765,Pending,Paid,99.00,payfasteft,2026-09-08T00:00,2026-09-07T00:00
303322,4042716,2026-09-07T00:00,2026-09-07T00:00,17997,Pending,Paid,0.00,mygateDebit,2026-09-08T00:00,2026-09-07T00:00
303323,4042718,2026-09-07T00:00,2026-09-07T00:00,154650,Pending,Paid,289.00,payfast,2026-09-08T00:00,2026-09-07T00:00
303324,4042720,2026-09-07T00:00,2026-09-07T00:00,159587,Pending,Unpaid,3577.40,mygateDebit,2026-09-08T00:00,
303325,4042721,2026-09-07T00:00,2026-09-07T00:00,29346,Pending,Paid,0.00,mygateDebit,2026-09-08T00:00,2026-09-07T00:00
303326,4042723,2026-09-07T00:00,2026-09-07T00:00,150110,Pending,Paid,99.00,payfast,2026-09-08T00:00,2026-09-07T00:00
303328,4042726,2026-09-07T00:00,2026-09-07T00:00,136807,Pending,Cancelled,109.00,mygateDebit,2026-09-08T00:00,
303329,4042728,2026-09-07T00:00,2026-09-07T00:00,103627,Pending,Paid,199.00,payfasteft,2026-09-08T00:00,2026-09-07T00:00
303330,4042729,2026-09-07T00:00,2026-09-07T00:00,74494,Pending,Paid,0.00,mygateDebit,2026-09-08T00:00,2026-09-07T00:00
303331,4042731,2026-09-07T00:00,2026-09-07T00:00,159588,Pending,Paid,79.20,payfasteft,2026-09-08T00:00,2026-09-07T00:00
303332,4042735,2026-09-07T00:00,2026-09-07T00:00,70605,Pending,Paid,0.00,mygateDebit,2026-09-08T00:00,2026-09-07T00:00
303333,4042740,2026-09-07T00:00,2026-09-07T00:00,32879,Pending,Paid,99.00,payfast,2026-09-08T00:00,2026-09-07T00:00
303334,4042741,2026-09-07T00:00,2026-09-07T00:00,66205,Pending,Paid,75.00,payfasteft,2026-09-08T00:00,2026-09-07T00:00
303335,4042745,2026-09-07T00:00,2026-09-07T00:00,156510,Pending,Paid,109.00,payfasteft,2026-09-08T00:00,2026-09-07T00:00
303336,4042749,2026-09-07T00:00,2026-09-07T00:00,155112,Pending,Paid,0.00,mygateDebit,2026-09-08T00:00,2026-09-07T00:00
303337,4042751,2026-09-07T00:00,2026-09-07T00:00,48993,Pending,Paid,69.00,payfasteft,2026-09-08T00:00,2026-09-07T00:00
303338,4042753,2026-09-07T00:00,2026-09-07T00:00,62443,Pending,Unpaid,99.00,mygateDebit,2026-09-08T00:00,
303339,4042754,2026-09-07T00:00,2026-09-07T00:00,62443,Pending,Paid,99.00,payfast,2026-09-08T00:00,2026-09-07T00:00
303340,4042755,2026-09-07T00:00,2026-09-07T00:00,72917,Pending,Paid,0.00,payfast,2026-09-08T00:00,2026-09-07T00:00
303341,4042756,2026-09-07T00:00,2026-09-07T00:00,65732,Pending,Cancelled,99.00,offlinedeposit,2026-09-08T00:00,
303342,4042757,2026-09-07T00:00,2026-09-07T00:00,159590,Pending,Cancelled,99.00,payfasteft,2026-09-08T00:00,
303343,4042759,2026-09-07T00:00,2026-09-07T00:00,152765,Pending,Paid,0.00,payfasteft,2026-09-08T00:00,2026-09-07T00:00
303287,4042074,2026-09-06T00:00,2026-09-06T00:00,119056,Pending,Paid,142.40,payfast,2026-09-07T00:00,2026-09-06T00:00
303288,4042075,2026-09-06T00:00,2026-09-06T00:00,119056,Pending,Paid,1374.12,payfast,2026-09-07T00:00,2026-09-06T00:00
303290,4042077,2026-09-06T00:00,2026-09-06T00:00,159580,Pending,Paid,39.00,payfast,2026-09-07T00:00,2026-09-06T00:00
303292,4042081,2026-09-06T00:00,2026-09-06T00:00,156516,Pending,Paid,138.00,payfasteft,2026-09-07T00:00,2026-09-06T00:00
303293,4042082,2026-09-06T00:00,2026-09-06T00:00,2337,Pending,Paid,99.00,payfasteft,2026-09-07T00:00,2026-09-06T00:00
303294,4042083,2026-09-06T00:00,2026-09-06T00:00,99721,Pending,Paid,259.00,offlinedeposit,2026-09-07T00:00,2026-09-07T00:00
303295,4042084,2026-09-06T00:00,2026-09-06T00:00,4458,Pending,Paid,289.00,payfast,2026-09-07T00:00,2026-09-06T00:00
303296,4042085,2026-09-06T00:00,2026-09-06T00:00,70605,Pending,Paid,109.00,payfast,2026-09-07T00:00,2026-09-06T00:00
303297,4042086,2026-09-06T00:00,2026-09-06T00:00,66814,Pending,Paid,0.00,mygateDebit,2026-09-07T00:00,2026-09-06T00:00
303298,4042087,2026-09-06T00:00,2026-09-06T00:00,156577,Pending,Paid,289.00,payfast,2026-09-07T00:00,2026-09-06T00:00
303299,4042088,2026-09-06T00:00,2026-09-06T00:00,83792,Pending,Paid,99.00,payfast,2026-09-07T00:00,2026-09-06T00:00
303300,4042089,2026-09-06T00:00,2026-09-06T00:00,159581,Pending,Paid,107.50,payfast,2026-09-07T00:00,2026-09-13T00:00
303301,4042091,2026-09-06T00:00,2026-09-06T00:00,159466,Pending,Unpaid,82.50,payfast,2026-09-07T00:00,
303275,4041612,2026-09-05T00:00,2026-09-05T00:00,18856,Pending,Paid,99.00,payfast,2026-09-06T00:00,2026-09-05T00:00
303277,4041617,2026-09-05T00:00,2026-09-05T00:00,152457,Pending,Paid,99.00,payfast,2026-09-06T00:00,2026-09-05T00:00
303279,4041619,2026-09-05T00:00,2026-09-05T00:00,159564,Pending,Paid,99.00,payfast,2026-09-06T00:00,2026-09-05T00:00
303280,4041620,2026-09-05T00:00,2026-09-05T00:00,159555,Pending,Cancelled,104.00,mygateDebit,2026-09-06T00:00,
303281,4041621,2026-09-05T00:00,2026-09-05T00:00,159555,Pending,Cancelled,279.00,mygateDebit,2026-09-06T00:00,
303282,4041622,2026-09-05T00:00,2026-09-05T00:00,38204,Pending,Paid,99.00,payfast,2026-09-06T00:00,2026-09-05T00:00
303283,4041623,2026-09-05T00:00,2026-09-05T00:00,156639,Active,Unpaid,99.00,payfast,2026-09-06T00:00,
303284,4041625,2026-09-05T00:00,2026-09-05T00:00,156984,Pending,Paid,279.00,payfasteft,2026-09-06T00:00,2026-09-05T00:00
303285,4041631,2026-09-05T00:00,2026-09-05T00:00,156984,Pending,Paid,56.33,payfasteft,2026-09-06T00:00,2026-09-05T00:00
303286,4041632,2026-09-05T00:00,2026-09-05T00:00,65092,Pending,Paid,85.80,payfast,2026-09-06T00:00,2026-09-05T00:00
303232,4040787,2026-09-04T00:00,2026-09-04T00:00,38296,Pending,Paid,109.00,payfast,2026-09-05T00:00,2026-09-04T00:00
303233,4040788,2026-09-04T00:00,2026-09-04T00:00,40286,Pending,Paid,99.00,mygateDebit,2026-09-05T00:00,2026-09-09T00:00
303235,4040791,2026-09-04T00:00,2026-09-04T00:00,139806,Pending,Paid,99.00,payfast,2026-09-05T00:00,2026-09-04T00:00
303236,4040792,2026-09-04T00:00,2026-09-04T00:00,58741,Pending,Paid,299.00,payfasteft,2026-09-05T00:00,2026-09-04T00:00
303238,4040840,2026-09-04T00:00,2026-09-04T00:00,17072,Pending,Paid,99.00,payfast,2026-09-05T00:00,2026-09-04T00:00
303240,4040842,2026-09-04T00:00,2026-09-04T00:00,22060,Pending,Paid,3202.66,payfasteft,2026-09-05T00:00,2026-09-17T00:00
303241,4040843,2026-09-04T00:00,2026-09-04T00:00,15761,Pending,Paid,99.00,payfasteft,2026-09-05T00:00,2026-09-04T00:00
303244,4040845,2026-09-04T00:00,2026-09-04T00:00,135242,Pending,Unpaid,99.00,snapscan,2026-09-05T00:00,
303245,4040846,2026-09-04T00:00,2026-09-04T00:00,135242,Pending,Paid,99.00,payfasteft,2026-09-05T00:00,2026-09-04T00:00
303246,4040848,2026-09-04T00:00,2026-09-04T00:00,8026,Pending,Paid,12842.77,payfasteft,2026-09-05T00:00,2026-09-04T00:00
303247,4040850,2026-09-04T00:00,2026-09-04T00:00,156984,Pending,Paid,89.10,payfasteft,2026-09-05T00:00,2026-09-05T00:00
303248,4040853,2026-09-04T00:00,2026-09-04T00:00,27487,Pending,Paid,198.00,mygateDebit,2026-09-05T00:00,2026-09-09T00:00
303249,4040856,2026-09-04T00:00,2026-09-04T00:00,159565,Pending,Paid,89.10,payfasteft,2026-09-05T00:00,2026-09-04T00:00
303251,4040861,2026-09-04T00:00,2026-09-04T00:00,159573,Pending,Paid,99.00,offlineeft,2026-09-05T00:00,2026-09-06T00:00
303252,4040862,2026-09-04T00:00,2026-09-04T00:00,29346,Pending,Paid,0.00,payfast,2026-09-05T00:00,2026-09-04T00:00
303253,4040863,2026-09-04T00:00,2026-09-04T00:00,159574,Pending,Paid,99.00,offlinedeposit,2026-09-05T00:00,2026-09-05T00:00
303254,4040864,2026-09-04T00:00,2026-09-04T00:00,66507,Pending,Paid,99.00,payfast,2026-09-05T00:00,2026-09-04T00:00
303255,4040865,2026-09-04T00:00,2026-09-04T00:00,10232,Pending,Paid,99.00,snapscan,2026-09-05T00:00,2026-09-04T00:00
303257,4040866,2026-09-04T00:00,2026-09-04T00:00,22787,Pending,Paid,8302.20,mygateDebit,2026-09-05T00:00,2026-09-10T00:00
303258,4040867,2026-09-04T00:00,2026-09-04T00:00,26867,Pending,Paid,99.00,payfast,2026-09-05T00:00,2026-09-04T00:00
303259,4040869,2026-09-04T00:00,2026-09-04T00:00,72840,Pending,Paid,1079.10,payfast,2026-09-05T00:00,2026-09-07T00:00
303260,4040870,2026-09-04T00:00,2026-09-04T00:00,159575,Pending,Unpaid,99.00,mygateDebit,2026-09-05T00:00,
303261,4040872,2026-09-04T00:00,2026-09-04T00:00,139201,Pending,Cancelled,289.00,payfast,2026-09-05T00:00,
303262,4040873,2026-09-04T00:00,2026-09-04T00:00,159542,Pending,Paid,1079.10,payfast,2026-09-05T00:00,2026-09-04T00:00
303263,4040875,2026-09-04T00:00,2026-09-04T00:00,159576,Pending,Paid,289.00,offlineeft,2026-09-05T00:00,2026-09-06T00:00
303264,4040880,2026-09-04T00:00,2026-09-04T00:00,41051,Pending,Paid,99.00,payfast,2026-09-05T00:00,2026-09-08T00:00
303265,4040883,2026-09-04T00:00,2026-09-04T00:00,159577,Pending,Paid,134.10,mygateDebit,2026-09-05T00:00,2026-09-04T00:00
303266,4040884,2026-09-04T00:00,2026-09-04T00:00,156501,Pending,Paid,99.00,payfast,2026-09-05T00:00,2026-09-04T00:00
303267,4040885,2026-09-04T00:00,2026-09-04T00:00,156501,Pending,Paid,89.10,payfast,2026-09-05T00:00,2026-09-04T00:00
303268,4040886,2026-09-04T00:00,2026-09-04T00:00,42431,Pending,Paid,0.00,mygateDebit,2026-09-05T00:00,2026-09-04T00:00
303269,4040887,2026-09-04T00:00,2026-09-04T00:00,159578,Pending,Paid,0.00,offlinedeposit,2026-09-05T00:00,2026-09-04T00:00
303270,4040888,2026-09-04T00:00,2026-09-04T00:00,159578,Pending,Paid,0.00,offlinedeposit,2026-09-05T00:00,2026-09-04T00:00
303271,4040889,2026-09-04T00:00,2026-09-04T00:00,53654,Pending,Paid,299.00,payfasteft,2026-09-05T00:00,2026-09-04T00:00
303272,4040890,2026-09-04T00:00,2026-09-04T00:00,4839,Pending,Paid,99.00,payfasteft,2026-09-05T00:00,2026-09-04T00:00
303273,4040892,2026-09-04T00:00,2026-09-04T00:00,159579,Pending,Paid,89.10,payfasteft,2026-09-05T00:00,2026-09-04T00:00
303274,4040893,2026-09-04T00:00,2026-09-04T00:00,71640,Pending,Paid,89.10,snapscan,2026-09-05T00:00,2026-09-04T00:00
303195,4040285,2026-09-03T00:00,2026-09-03T00:00,158695,Pending,Paid,186.67,payfast,2026-09-04T00:00,2026-09-03T00:00
303196,4040290,2026-09-03T00:00,2026-09-03T00:00,155112,Pending,Paid,0.00,mygateDebit,2026-09-04T00:00,2026-09-03T00:00
303197,4040295,2026-09-03T00:00,2026-09-03T00:00,155112,Pending,Paid,0.00,mygateDebit,2026-09-04T00:00,2026-09-03T00:00
303199,4040304,2026-09-03T00:00,2026-09-03T00:00,20726,Pending,Paid,279.00,mygateDebit,2026-09-04T00:00,2026-09-08T00:00
303200,4040305,2026-09-03T00:00,2026-09-03T00:00,63819,Pending,Paid,0.00,payfast,2026-09-04T00:00,2026-09-03T00:00
303201,4040307,2026-09-03T00:00,2026-09-03T00:00,159244,Pending,Paid,325.73,payfast,2026-09-04T00:00,2026-09-03T00:00
303202,4040310,2026-09-03T00:00,2026-09-03T00:00,18424,Pending,Paid,0.00,payfast,2026-09-04T00:00,2026-09-03T00:00
303203,4040311,2026-09-03T00:00,2026-09-03T00:00,95872,Pending,Paid,0.00,banktransfer,2026-09-04T00:00,2026-09-03T00:00
303205,4040315,2026-09-03T00:00,2026-09-03T00:00,16882,Pending,Paid,240.80,payfasteft,2026-09-04T00:00,2026-09-03T00:00
303206,4040318,2026-09-03T00:00,2026-09-03T00:00,26652,Pending,Paid,299.00,payfasteft,2026-09-04T00:00,2026-09-03T00:00
303208,4040323,2026-09-03T00:00,2026-09-03T00:00,159566,Pending,Unpaid,99.00,mygateDebit,2026-09-04T00:00,
303209,4040324,2026-09-03T00:00,2026-09-03T00:00,159567,Pending,Paid,159.67,payfasteft,2026-09-04T00:00,2026-09-03T00:00
303210,4040329,2026-09-03T00:00,2026-09-03T00:00,159568,Pending,Paid,99.00,offlineeft,2026-09-04T00:00,2026-09-05T00:00
303211,4040330,2026-09-03T00:00,2026-09-03T00:00,69151,Pending,Paid,99.00,payfast,2026-09-04T00:00,2026-09-04T00:00
303212,4040332,2026-09-03T00:00,2026-09-03T00:00,54620,Pending,Paid,473.80,payfasteft,2026-09-04T00:00,2026-09-03T00:00
303213,4040333,2026-09-03T00:00,2026-09-03T00:00,96406,Pending,Paid,278.00,offlineeft,2026-09-04T00:00,2026-09-05T00:00
303214,4040336,2026-09-03T00:00,2026-09-03T00:00,116957,Pending,Paid,99.00,payfast,2026-09-04T00:00,2026-09-03T00:00
303215,4040344,2026-09-03T00:00,2026-09-03T00:00,126663,Pending,Paid,7937.79,mygateDebit,2026-09-03T00:00,2026-09-09T00:00
303216,4040345,2026-09-03T00:00,2026-09-03T00:00,146359,Pending,Paid,279.00,payfast,2026-09-04T00:00,2026-09-03T00:00
303217,4040347,2026-09-03T00:00,2026-09-03T00:00,32043,Pending,Paid,99.00,payfasteft,2026-09-04T00:00,2026-09-03T00:00
303218,4040348,2026-09-03T00:00,2026-09-03T00:00,17866,Pending,Cancelled,279.00,payfast,2026-09-04T00:00,
303219,4040349,2026-09-03T00:00,2026-09-03T00:00,75399,Pending,Paid,0.00,mygateDebit,2026-09-04T00:00,2026-09-04T00:00
303220,4040351,2026-09-03T00:00,2026-09-03T00:00,159569,Pending,Paid,129.73,payfast,2026-09-04T00:00,2026-09-03T00:00
303221,4040353,2026-09-03T00:00,2026-09-03T00:00,17586,Pending,Paid,599.00,payfast,2026-09-04T00:00,2026-09-03T00:00
303222,4040355,2026-09-03T00:00,2026-09-03T00:00,76632,Pending,Paid,99.00,payfast,2026-09-04T00:00,2026-09-03T00:00
303223,4040357,2026-09-03T00:00,2026-09-03T00:00,76632,Pending,Paid,60.67,payfast,2026-09-04T00:00,2026-09-03T00:00
303224,4040358,2026-09-03T00:00,2026-09-03T00:00,64279,Pending,Paid,92.40,payfast,2026-09-04T00:00,2026-09-03T00:00
303225,4040361,2026-09-03T00:00,2026-09-03T00:00,159570,Pending,Paid,288.40,payfasteft,2026-09-04T00:00,2026-09-03T00:00
303226,4040362,2026-09-03T00:00,2026-09-03T00:00,58696,Pending,Unpaid,388.00,payfast,2026-09-04T00:00,
303227,4040363,2026-09-03T00:00,2026-09-03T00:00,58696,Pending,Paid,388.00,payfast,2026-09-04T00:00,2026-09-03T00:00
303228,4040367,2026-09-03T00:00,2026-09-03T00:00,159571,Pending,Unpaid,899.00,payfast,2026-09-04T00:00,
303229,4040368,2026-09-03T00:00,2026-09-03T00:00,159572,Pending,Unpaid,159.67,payfasteft,2026-09-04T00:00,
303230,4040374,2026-09-03T00:00,2026-09-03T00:00,156239,Pending,Paid,109.00,payfast,2026-09-04T00:00,2026-09-03T00:00
303231,4040375,2026-09-03T00:00,2026-09-03T00:00,64598,Pending,Paid,99.00,payfast,2026-09-04T00:00,2026-09-03T00:00
303143,4039739,2026-09-02T00:00,2026-09-02T00:00,159560,Pending,Unpaid,388.03,payfast,2026-09-03T00:00,
303144,4039740,2026-09-02T00:00,2026-09-02T00:00,159561,Pending,Paid,388.03,payfasteft,2026-09-03T00:00,2026-09-07T00:00
303145,4039743,2026-09-02T00:00,2026-09-02T00:00,16882,Pending,Unpaid,558.00,offlineeft,2026-09-03T00:00,
303146,4039747,2026-09-02T00:00,2026-09-02T00:00,76014,Pending,Unpaid,124.70,payfasteft,2026-09-03T00:00,
303147,4039748,2026-09-02T00:00,2026-09-02T00:00,43710,Pending,Paid,124.70,payfast,2026-09-03T00:00,2026-09-02T00:00
303148,4039751,2026-09-02T00:00,2026-09-02T00:00,17404,Pending,Paid,279.00,mygateDebit,2026-09-03T00:00,2026-09-04T00:00
303149,4039752,2026-09-02T00:00,2026-09-02T00:00,321,Pending,Paid,99.00,payfasteft,2026-09-03T00:00,2026-09-02T00:00
303150,4039753,2026-09-02T00:00,2026-09-02T00:00,110022,Pending,Paid,99.00,payfast,2026-09-03T00:00,2026-09-02T00:00
303151,4039754,2026-09-02T00:00,2026-09-02T00:00,67482,Pending,Paid,95.70,payfast,2026-09-03T00:00,2026-09-02T00:00
303152,4039755,2026-09-02T00:00,2026-09-02T00:00,152457,Pending,Paid,109.00,payfast,2026-09-03T00:00,2026-09-02T00:00
303153,4039756,2026-09-02T00:00,2026-09-02T00:00,10721,Pending,Paid,161.83,payfasteft,2026-09-03T00:00,2026-09-02T00:00
303154,4039757,2026-09-02T00:00,2026-09-02T00:00,159562,Pending,Paid,95.70,payfasteft,2026-09-03T00:00,2026-09-03T00:00
303155,4039758,2026-09-02T00:00,2026-09-02T00:00,159552,Pending,Paid,124.70,payfast,2026-09-03T00:00,2026-09-02T00:00
303156,4039761,2026-09-02T00:00,2026-09-02T00:00,156356,Pending,Paid,99.00,payfasteft,2026-09-03T00:00,2026-09-02T00:00
303157,4039763,2026-09-02T00:00,2026-09-02T00:00,73706,Pending,Paid,99.00,payfast,2026-09-03T00:00,2026-09-02T00:00
303158,4039765,2026-09-02T00:00,2026-09-02T00:00,145780,Pending,Paid,0.00,mygateDebit,2026-09-03T00:00,2026-09-02T00:00
303160,4039770,2026-09-02T00:00,2026-09-02T00:00,159552,Pending,Paid,95.70,payfast,2026-09-03T00:00,2026-09-02T00:00
303161,4039779,2026-09-02T00:00,2026-09-02T00:00,151318,Active,Paid,0.00,payfast,2026-09-03T00:00,2026-09-02T00:00
303162,4039781,2026-09-02T00:00,2026-09-02T00:00,58243,Active,Paid,0.00,mygateDebit,2026-09-03T00:00,2026-09-02T00:00
303163,4039783,2026-09-02T00:00,2026-09-02T00:00,33664,Pending,Cancelled,124.70,payfast,2026-09-03T00:00,
303164,4039785,2026-09-02T00:00,2026-09-02T00:00,126592,Pending,Paid,99.00,payfast,2026-09-03T00:00,2026-09-23T00:00
303165,4039788,2026-09-02T00:00,2026-09-02T00:00,64142,Pending,Cancelled,99.00,payfast,2026-09-03T00:00,
303166,4039789,2026-09-02T00:00,2026-09-02T00:00,64142,Pending,Paid,99.00,payfast,2026-09-03T00:00,2026-09-02T00:00
303167,4039793,2026-09-02T00:00,2026-09-02T00:00,159545,Pending,Paid,99.00,payfasteft,2026-09-03T00:00,2026-09-02T00:00
303168,4039797,2026-09-02T00:00,2026-09-02T00:00,24542,Pending,Paid,0.00,mygateDebit,2026-09-03T00:00,2026-09-02T00:00
303169,4039804,2026-09-02T00:00,2026-09-02T00:00,63913,Pending,Paid,289.00,payfast,2026-09-03T00:00,2026-09-02T00:00
303170,4039805,2026-09-02T00:00,2026-09-02T00:00,159547,Pending,Paid,124.70,payfast,2026-09-03T00:00,2026-09-02T00:00
303171,4039806,2026-09-02T00:00,2026-09-02T00:00,146250,Pending,Cancelled,299.00,offlineeft,2026-09-03T00:00,
303172,4039807,2026-09-02T00:00,2026-09-02T00:00,146250,Pending,Cancelled,299.00,payfast,2026-09-03T00:00,
303173,4039811,2026-09-02T00:00,2026-09-02T00:00,80031,Pending,Paid,0.00,payfast,2026-09-03T00:00,2026-09-02T00:00
303174,4039813,2026-09-02T00:00,2026-09-02T00:00,51336,Pending,Cancelled,99.00,payfast,2026-09-03T00:00,
303175,4039814,2026-09-02T00:00,2026-09-02T00:00,19901,Pending,Paid,0.00,mygateDebit,2026-09-03T00:00,2026-09-02T00:00
303176,4039815,2026-09-02T00:00,2026-09-02T00:00,51336,Pending,Paid,99.00,payfast,2026-09-03T00:00,2026-09-02T00:00
303177,4039821,2026-09-02T00:00,2026-09-02T00:00,17802,Pending,Paid,99.00,payfast,2026-09-03T00:00,2026-09-02T00:00
303178,4039824,2026-09-02T00:00,2026-09-02T00:00,133399,Pending,Paid,71.61,payfast,2026-09-03T00:00,2026-09-02T00:00
303179,4039825,2026-09-02T00:00,2026-09-02T00:00,17866,Pending,Paid,99.00,payfast,2026-09-03T00:00,2026-09-02T00:00
303181,4039829,2026-09-02T00:00,2026-09-02T00:00,63005,Pending,Paid,99.00,snapscan,2026-09-03T00:00,2026-09-02T00:00
303183,4039830,2026-09-02T00:00,2026-09-02T00:00,54644,Pending,Paid,328.67,offlineeft,2026-09-03T00:00,2026-09-03T00:00
303184,4039832,2026-09-02T00:00,2026-09-02T00:00,135242,Pending,Unpaid,99.00,payfasteft,2026-09-03T00:00,
303186,4039834,2026-09-02T00:00,2026-09-02T00:00,111092,Pending,Paid,0.00,mygateDebit,2026-09-03T00:00,2026-09-02T00:00
303187,4039836,2026-09-02T00:00,2026-09-02T00:00,10721,Pending,Paid,494.37,payfasteft,2026-09-03T00:00,2026-09-02T00:00
303188,4039837,2026-09-02T00:00,2026-09-02T00:00,8815,Pending,Paid,0.00,mygateDebit,2026-09-03T00:00,2026-09-02T00:00
303189,4039838,2026-09-02T00:00,2026-09-02T00:00,35356,Pending,Paid,99.00,payfast,2026-09-03T00:00,2026-09-02T00:00
303190,4039839,2026-09-02T00:00,2026-09-02T00:00,17827,Pending,Paid,99.00,payfasteft,2026-09-03T00:00,2026-09-02T00:00
303191,4039845,2026-09-02T00:00,2026-09-02T00:00,159548,Pending,Paid,39.00,payfast,2026-09-03T00:00,2026-09-02T00:00
303192,4039846,2026-09-02T00:00,2026-09-02T00:00,159563,Pending,Paid,99.00,snapscan,2026-09-03T00:00,2026-09-02T00:00
303193,4039847,2026-09-02T00:00,2026-09-02T00:00,159564,Pending,Paid,99.00,payfast,2026-09-03T00:00,2026-09-02T00:00
303194,4039848,2026-09-02T00:00,2026-09-02T00:00,159565,Pending,Paid,99.00,payfasteft,2026-09-03T00:00,2026-09-02T00:00
303094,4038912,2026-09-01T00:00,2026-09-01T00:00,137512,Pending,Paid,99.00,payfasteft,2026-09-02T00:00,2026-09-01T00:00
303095,4038914,2026-09-01T00:00,2026-09-01T00:00,52824,Pending,Paid,299.00,payfast,2026-09-02T00:00,2026-09-01T00:00
303096,4038918,2026-09-01T00:00,2026-09-01T00:00,17586,Pending,Paid,0.00,mygateDebit,2026-09-02T00:00,2026-09-01T00:00
303097,4038920,2026-09-01T00:00,2026-09-01T00:00,18117,Pending,Paid,279.00,payfast,2026-09-02T00:00,2026-09-01T00:00
303098,4038926,2026-09-01T00:00,2026-09-01T00:00,159552,Pending,Paid,99.00,payfast,2026-09-02T00:00,2026-09-01T00:00
303099,4038929,2026-09-01T00:00,2026-09-01T00:00,63722,Pending,Paid,299.00,payfasteft,2026-09-02T00:00,2026-09-01T00:00
303101,4038935,2026-09-01T00:00,2026-09-01T00:00,149684,Pending,Unpaid,198.00,payfast,2026-09-02T00:00,
303102,4038936,2026-09-01T00:00,2026-09-01T00:00,149684,Pending,Paid,198.00,payfast,2026-09-02T00:00,2026-09-01T00:00
303103,4038937,2026-09-01T00:00,2026-09-01T00:00,157441,Pending,Paid,99.00,payfast,2026-09-02T00:00,2026-09-01T00:00
303104,4038938,2026-09-01T00:00,2026-09-01T00:00,157441,Pending,Paid,100.00,payfast,2026-09-02T00:00,2026-09-14T00:00
303106,4038951,2026-09-01T00:00,2026-09-01T00:00,58243,Pending,Cancelled,349.00,mygateDebit,2026-09-02T00:00,
303107,4038956,2026-09-01T00:00,2026-09-01T00:00,159553,Pending,Paid,99.00,payfasteft,2026-09-02T00:00,2026-09-01T00:00
303108,4038958,2026-09-01T00:00,2026-09-01T00:00,131279,Pending,Paid,289.00,payfast,2026-09-02T00:00,2026-09-01T00:00
303109,4038961,2026-09-01T00:00,2026-09-01T00:00,139943,Pending,Paid,299.00,mygateDebit,2026-09-02T00:00,2026-09-07T00:00
303110,4038964,2026-09-01T00:00,2026-09-01T00:00,159554,Pending,Paid,99.00,payfast,2026-09-02T00:00,2026-09-01T00:00
303111,4038965,2026-09-01T00:00,2026-09-01T00:00,69457,Pending,Paid,109.00,mygateDebit,2026-09-02T00:00,2026-09-02T00:00
303112,4038966,2026-09-01T00:00,2026-09-01T00:00,159553,Pending,Paid,65.00,payfasteft,2026-09-02T00:00,2026-09-01T00:00
303113,4038967,2026-09-01T00:00,2026-09-01T00:00,157469,Pending,Paid,289.00,snapscan,2026-09-02T00:00,2026-09-01T00:00
303114,4038970,2026-09-01T00:00,2026-09-01T00:00,49789,Pending,Paid,99.00,payfast,2026-09-02T00:00,2026-09-01T00:00
303116,4038975,2026-09-01T00:00,2026-09-01T00:00,159555,Pending,Paid,0.00,payfast,2026-09-02T00:00,2026-09-01T00:00
303118,4038977,2026-09-01T00:00,2026-09-01T00:00,42431,Pending,Paid,0.00,mygateDebit,2026-09-02T00:00,2026-09-01T00:00
303119,4038978,2026-09-01T00:00,2026-09-01T00:00,42431,Pending,Paid,0.00,mygateDebit,2026-09-02T00:00,2026-09-01T00:00
303120,4038980,2026-09-01T00:00,2026-09-01T00:00,159556,Pending,Paid,104.00,payfast,2026-09-02T00:00,2026-09-01T00:00
303121,4038982,2026-09-01T00:00,2026-09-01T00:00,18876,Pending,Paid,558.00,payfast,2026-09-02T00:00,2026-09-01T00:00
303122,4038983,2026-09-01T00:00,2026-09-01T00:00,157402,Pending,Paid,0.00,banktransfer,2026-09-02T00:00,2026-09-01T00:00
303123,4038984,2026-09-01T00:00,2026-09-01T00:00,21984,Pending,Paid,279.00,mygateDebit,2026-09-02T00:00,2026-09-07T00:00
303124,4038985,2026-09-01T00:00,2026-09-01T00:00,66205,Pending,Paid,185.00,payfasteft,2026-09-02T00:00,2026-09-01T00:00
303125,4038987,2026-09-01T00:00,2026-09-01T00:00,138840,Pending,Paid,39.00,payfasteft,2026-09-02T00:00,2026-09-01T00:00
303126,4038990,2026-09-01T00:00,2026-09-01T00:00,36992,Pending,Cancelled,99.00,payfast,2026-09-02T00:00,
303127,4038993,2026-09-01T00:00,2026-09-01T00:00,159538,Pending,Cancelled,297.00,payfast,2026-09-02T00:00,
303128,4038996,2026-09-01T00:00,2026-09-01T00:00,43394,Pending,Cancelled,99.00,mygateDebit,2026-09-02T00:00,
303129,4038998,2026-09-01T00:00,2026-09-01T00:00,43394,Pending,Cancelled,99.00,mygateDebit,2026-09-02T00:00,
303130,4038999,2026-09-01T00:00,2026-09-01T00:00,158879,Pending,Unpaid,279.00,payfasteft,2026-09-02T00:00,
303131,4039006,2026-09-01T00:00,2026-09-01T00:00,156607,Pending,Paid,99.00,mygateDebit,2026-09-02T00:00,2026-09-07T00:00
303132,4039009,2026-09-01T00:00,2026-09-01T00:00,102040,Pending,Paid,0.00,mygateDebit,2026-09-02T00:00,2026-09-01T00:00
303133,4039011,2026-09-01T00:00,2026-09-01T00:00,60367,Pending,Paid,99.00,mygateDebit,2026-09-02T00:00,2026-09-07T00:00
303134,4039012,2026-09-01T00:00,2026-09-01T00:00,140507,Pending,Paid,289.00,payfasteft,2026-09-02T00:00,2026-09-01T00:00
303135,4039015,2026-09-01T00:00,2026-09-01T00:00,159557,Pending,Paid,388.00,payfast,2026-09-02T00:00,2026-09-01T00:00
303136,4039017,2026-09-01T00:00,2026-09-01T00:00,67482,Pending,Paid,99.00,payfast,2026-09-02T00:00,2026-09-01T00:00
303137,4039018,2026-09-01T00:00,2026-09-01T00:00,159558,Pending,Unpaid,39.00,offlineeft,2026-09-02T00:00,
303138,4039020,2026-09-01T00:00,2026-09-01T00:00,55863,Pending,Paid,65.00,payfast,2026-09-02T00:00,2026-09-01T00:00
303139,4039021,2026-09-01T00:00,2026-09-01T00:00,67482,Pending,Paid,99.00,payfast,2026-09-02T00:00,2026-09-01T00:00
303140,4039023,2026-09-01T00:00,2026-09-01T00:00,159559,Pending,Paid,139.00,payfast,2026-09-02T00:00,2026-09-01T00:00
303141,4039025,2026-09-01T00:00,2026-09-01T00:00,62197,Pending,Paid,776.00,payfast,2026-09-02T00:00,2026-09-01T00:00
303142,4039026,2026-09-01T00:00,2026-09-01T00:00,157243,Pending,Paid,120.00,offlineeft,2026-09-02T00:00,2026-09-03T00:00
