order_id,order_date,invoice_date,user_id,invoice_id,order_status,invoice_status,invoice_status_group,invoice_total,order_total,invoice_pay_method,invoice_due_date,invoice_paid_date
304065,2026-09-30T00:00,2026-09-30T00:00,61139,4062451,Pending,Paid,Paid Invoice,39.00,39.00,payfast,2026-10-01T00:00,2026-09-30T00:00
304066,2026-09-30T00:00,2026-09-30T00:00,159771,4062452,Pending,Paid,Paid Invoice,99.00,99.00,payfast,2026-10-01T00:00,2026-09-30T00:00
304068,2026-09-30T00:00,2026-09-30T00:00,66489,4062454,Pending,Cancelled,Cancelled,99.00,99.00,offlineeft,2026-10-01T00:00,
304069,2026-09-30T00:00,2026-09-30T00:00,53597,4062459,Pending,Paid,Paid Invoice,99.00,99.00,payfasteft,2026-10-01T00:00,2026-09-30T00:00
304070,2026-09-30T00:00,2026-09-30T00:00,159591,4062503,Pending,Paid,Paid Invoice,279.00,279.00,mygateDebit,2026-10-01T00:00,2026-10-01T00:00
304071,2026-09-30T00:00,2026-09-30T00:00,55405,4062506,Pending,Paid,Paid Invoice,4905.00,4905.00,payfast,2026-10-01T00:00,2026-09-30T00:00
304072,2026-09-30T00:00,2026-09-30T00:00,159665,4062507,Pending,Paid,Paid Invoice,98.17,98.17,snapscan,2026-10-01T00:00,2026-09-30T00:00
304073,2026-09-30T00:00,2026-09-30T00:00,79134,4062510,Pending,Paid,Paid Invoice,584.68,584.68,payfasteft,2026-10-01T00:00,2026-09-30T00:00
304074,2026-09-30T00:00,2026-09-30T00:00,137345,4062511,Pending,Paid,Paid Invoice,144.52,144.52,payfast,2026-10-01T00:00,2026-09-30T00:00
304076,2026-09-30T00:00,2026-09-30T00:00,100128,4062513,Pending,Paid,Paid Invoice,99.00,99.00,payfast,2026-10-01T00:00,2026-09-30T00:00
304077,2026-09-30T00:00,2026-09-30T00:00,97793,4062514,Pending,Paid,Paid Invoice,279.00,279.00,payfast,2026-10-01T00:00,2026-09-30T00:00
304078,2026-09-30T00:00,2026-09-30T00:00,159112,4062515,Pending,Paid,Paid Invoice,99.00,99.00,payfasteft,2026-10-01T00:00,2026-09-30T00:00
304079,2026-09-30T00:00,2026-09-30T00:00,80701,4062518,Pending,Paid,Paid Invoice,1025.00,1025.00,payfast,2026-10-01T00:00,2026-09-30T00:00
304080,2026-09-30T00:00,2026-09-30T00:00,159681,4062521,Pending,Unpaid,Unpaid,99.00,99.00,mygateDebit,2026-10-01T00:00,
304081,2026-09-30T00:00,2026-09-30T00:00,159772,4062524,Pending,Unpaid,Unpaid,899.00,899.00,payfast,2026-10-01T00:00,
304082,2026-09-30T00:00,2026-09-30T00:00,159681,4062526,Pending,Paid,Paid Invoice,99.00,99.00,payfasteft,2026-10-01T00:00,2026-09-30T00:00
304083,2026-09-30T00:00,2026-09-30T00:00,159753,4062534,Pending,Paid,Paid Invoice,102.30,102.30,payfast,2026-10-01T00:00,2026-09-30T00:00
304084,2026-09-30T00:00,2026-09-30T00:00,159773,4062535,Pending,Unpaid,Unpaid,143.63,143.63,mygateDebit,2026-10-01T00:00,
304086,2026-09-30T00:00,2026-09-30T00:00,159773,4062539,Pending,Paid,Paid Invoice,182.63,182.63,payfasteft,2026-10-01T00:00,2026-09-30T00:00
304087,2026-09-30T00:00,2026-09-30T00:00,57256,4062541,Pending,Paid,Paid Invoice,279.00,279.00,payfast,2026-10-01T00:00,2026-09-30T00:00
304088,2026-09-30T00:00,2026-09-30T00:00,20033,4062546,Pending,Unpaid,Unpaid,8717.20,8717.20,mygateDebit,2026-10-01T00:00,
304089,2026-09-30T00:00,2026-09-30T00:00,102284,4062550,Active,Unpaid,Unpaid,102.30,102.30,mygateDebit,2026-10-01T00:00,
304090,2026-09-30T00:00,2026-09-30T00:00,81580,4062551,Pending,Paid,Paid Invoice,279.00,279.00,payfasteft,2026-10-01T00:00,2026-09-30T00:00
304091,2026-09-30T00:00,2026-09-30T00:00,100128,4062553,Pending,Paid,Paid Invoice,99.00,99.00,payfast,2026-10-01T00:00,2026-09-30T00:00
304093,2026-09-30T00:00,2026-09-30T00:00,159774,4062557,Pending,Unpaid,Unpaid,166.17,166.17,mygateDebit,2026-10-01T00:00,
304094,2026-09-30T00:00,2026-09-30T00:00,62729,4062558,Pending,Paid,Paid Invoice,99.00,99.00,payfasteft,2026-10-01T00:00,2026-09-30T00:00
304095,2026-09-30T00:00,2026-09-30T00:00,20692,4062559,Pending,Paid,Paid Invoice,289.00,289.00,payfast,2026-10-01T00:00,2026-09-30T00:00
304096,2026-09-30T00:00,2026-09-30T00:00,134547,4062562,Pending,Paid,Paid Invoice,269.00,269.00,payfasteft,2026-10-01T00:00,2026-09-30T00:00
304098,2026-09-30T00:00,2026-09-30T00:00,65641,4062568,Pending,Cancelled,Cancelled,99.00,99.00,payfast,2026-10-01T00:00,
304100,2026-09-30T00:00,2026-09-30T00:00,65641,4062570,Pending,Paid,Paid Invoice,99.00,99.00,payfast,2026-10-01T00:00,2026-09-30T00:00
304101,2026-09-30T00:00,2026-09-30T00:00,157224,4062572,Pending,Paid,Paid Invoice,99.00,99.00,payfast,2026-10-01T00:00,2026-09-30T00:00
304102,2026-09-30T00:00,2026-09-30T00:00,69312,4062575,Pending,Paid,Paid Invoice,99.00,99.00,payfast,2026-10-01T00:00,2026-09-30T00:00
304103,2026-09-30T00:00,2026-09-30T00:00,17156,4062576,Pending,Unpaid,Unpaid,422.63,422.63,payfast,2026-10-01T00:00,
304104,2026-09-30T00:00,2026-09-30T00:00,17156,4062577,Pending,Paid,Paid Invoice,422.63,422.63,snapscan,2026-10-01T00:00,2026-09-30T00:00
304105,2026-09-30T00:00,2026-09-30T00:00,131125,4062578,Pending,Cancelled,Cancelled,289.00,289.00,mygateDebit,2026-10-01T00:00,
304106,2026-09-30T00:00,2026-09-30T00:00,3779,4062580,Pending,Paid,Paid Invoice,99.00,99.00,payfast,2026-10-01T00:00,2026-09-30T00:00
304107,2026-09-30T00:00,2026-09-30T00:00,148502,4062582,Pending,Paid,Paid Invoice,102.30,102.30,payfasteft,2026-10-01T00:00,2026-09-30T00:00
304108,2026-09-30T00:00,2026-09-30T00:00,19637,4062585,Pending,Paid,Paid Invoice,99.00,99.00,payfasteft,2026-10-01T00:00,2026-09-30T00:00
304109,2026-09-30T00:00,2026-09-30T00:00,19637,4062587,Pending,Cancelled,Cancelled,99.00,99.00,payfast,2026-10-01T00:00,
304110,2026-09-30T00:00,2026-09-30T00:00,35861,4062588,Pending,Unpaid,Unpaid,99.00,99.00,mygateDebit,2026-10-01T00:00,
304111,2026-09-30T00:00,2026-09-30T00:00,38278,4062589,Pending,Paid,Paid Invoice,99.00,99.00,payfast,2026-10-01T00:00,2026-09-30T00:00
304112,2026-09-30T00:00,2026-09-30T00:00,159775,4062591,Pending,Unpaid,Unpaid,99.00,99.00,offlineeft,2026-10-01T00:00,
304113,2026-09-30T00:00,2026-09-30T00:00,135640,4062594,Pending,Paid,Paid Invoice,1469.00,1469.00,payfast,2026-10-01T00:00,2026-09-30T00:00
304114,2026-09-30T00:00,2026-09-30T00:00,5168,4062596,Pending,Paid,Paid Invoice,99.00,99.00,snapscan,2026-10-01T00:00,2026-09-30T00:00
304115,2026-09-30T00:00,2026-09-30T00:00,61142,4062598,Pending,Paid,Paid Invoice,218.00,218.00,payfast,2026-10-01T00:00,2026-09-30T00:00
304116,2026-09-30T00:00,2026-09-30T00:00,124825,4062600,Pending,Paid,Paid Invoice,147.30,147.30,payfasteft,2026-10-01T00:00,2026-09-30T00:00
304032,2026-09-29T00:00,2026-09-29T00:00,19278,4061821,Pending,Paid,Paid Invoice,99.00,99.00,payfast,2026-09-30T00:00,2026-09-29T00:00
304033,2026-09-29T00:00,2026-09-29T00:00,22550,4061822,Pending,Paid,Paid Invoice,99.00,99.00,payfast,2026-09-30T00:00,2026-09-29T00:00
304035,2026-09-29T00:00,2026-09-29T00:00,57175,4061829,Pending,Paid,Paid Invoice,12.67,12.67,payfast,2026-09-30T00:00,2026-09-29T00:00
304036,2026-09-29T00:00,2026-09-29T00:00,159760,4061831,Pending,Unpaid,Unpaid,899.00,899.00,payfast,2026-09-30T00:00,
304037,2026-09-29T00:00,2026-09-29T00:00,159475,4061832,Pending,Paid,Paid Invoice,105.60,105.60,payfast,2026-09-30T00:00,2026-09-29T00:00
304038,2026-09-29T00:00,2026-09-29T00:00,137482,4061834,Pending,Paid,Paid Invoice,99.00,99.00,payfast,2026-09-30T00:00,2026-09-29T00:00
304039,2026-09-29T00:00,2026-09-29T00:00,145249,4061841,Pending,Paid,Paid Invoice,5030.14,5030.14,payfast,2026-09-30T00:00,2026-09-29T00:00
304040,2026-09-29T00:00,2026-09-29T00:00,159761,4061846,Pending,Paid,Paid Invoice,99.00,99.00,payfasteft,2026-09-30T00:00,2026-09-29T00:00
304041,2026-09-29T00:00,2026-09-29T00:00,58949,4061847,Pending,Paid,Paid Invoice,137.60,137.60,mygateDebit,2026-09-30T00:00,2026-09-30T00:00
304042,2026-09-29T00:00,2026-09-29T00:00,78979,4061848,Pending,Paid,Paid Invoice,53.33,53.33,banktransfer,2026-09-30T00:00,2026-09-30T00:00
304043,2026-09-29T00:00,2026-09-29T00:00,140133,4061851,Pending,Paid,Paid Invoice,408.00,408.00,payfast,2026-09-30T00:00,2026-09-29T00:00
304044,2026-09-29T00:00,2026-09-29T00:00,159762,4061852,Pending,Paid,Paid Invoice,99.00,99.00,payfast,2026-09-30T00:00,2026-09-29T00:00
304047,2026-09-29T00:00,2026-09-29T00:00,159763,4061855,Pending,Unpaid,Unpaid,515.00,515.00,mygateDebit,2026-09-30T00:00,
304048,2026-09-29T00:00,2026-09-29T00:00,159764,4061862,Pending,Paid,Paid Invoice,99.00,99.00,payfast,2026-09-30T00:00,2026-09-29T00:00
304049,2026-09-29T00:00,2026-09-29T00:00,159765,4061865,Pending,Unpaid,Unpaid,99.00,99.00,mygateDebit,2026-09-30T00:00,
304050,2026-09-29T00:00,2026-09-29T00:00,159766,4061866,Pending,Unpaid,Unpaid,148.27,148.27,mygateDebit,2026-09-30T00:00,
304051,2026-09-29T00:00,2026-09-29T00:00,159767,4061868,Pending,Unpaid,Unpaid,105.60,105.60,mygateDebit,2026-09-30T00:00,
304052,2026-09-29T00:00,2026-09-29T00:00,7198,4061871,Pending,Paid,Paid Invoice,39.00,39.00,payfast,2026-09-30T00:00,2026-09-29T00:00
304053,2026-09-29T00:00,2026-09-29T00:00,159768,4061875,Pending,Paid,Paid Invoice,101.33,101.33,payfasteft,2026-09-30T00:00,2026-09-29T00:00
304054,2026-09-29T00:00,2026-09-29T00:00,112689,4061876,Pending,Cancelled,Cancelled,148.27,148.27,payfast,2026-09-30T00:00,
304055,2026-09-29T00:00,2026-09-29T00:00,32071,4061877,Pending,Paid,Paid Invoice,99.00,99.00,payfast,2026-09-30T00:00,2026-09-29T00:00
304056,2026-09-29T00:00,2026-09-29T00:00,134571,4061881,Pending,Unpaid,Unpaid,99.00,99.00,payfasteft,2026-09-30T00:00,
304057,2026-09-29T00:00,2026-09-29T00:00,134571,4061882,Pending,Unpaid,Unpaid,99.00,99.00,payfast,2026-09-30T00:00,
304058,2026-09-29T00:00,2026-09-29T00:00,18316,4061883,Pending,Paid,Paid Invoice,648.15,648.15,snapscan,2026-09-30T00:00,2026-09-29T00:00
304059,2026-09-29T00:00,2026-09-29T00:00,158859,4061885,Pending,Unpaid,Unpaid,105.60,105.60,payfasteft,2026-09-30T00:00,
304061,2026-09-29T00:00,2026-09-29T00:00,159769,4061888,Pending,Unpaid,Unpaid,99.00,99.00,payfasteft,2026-09-30T00:00,
304062,2026-09-29T00:00,2026-09-29T00:00,159524,4061889,Pending,Unpaid,Unpaid,200.33,200.33,payfasteft,2026-09-30T00:00,
304063,2026-09-29T00:00,2026-09-29T00:00,159524,4061890,Pending,Unpaid,Unpaid,168.33,168.33,payfasteft,2026-09-30T00:00,
304064,2026-09-29T00:00,2026-09-29T00:00,159435,4061892,Pending,Paid,Paid Invoice,69.33,69.33,payfasteft,2026-09-30T00:00,2026-09-29T00:00
303967,2026-09-28T00:00,2026-09-28T00:00,159743,4061291,Pending,Unpaid,Unpaid,899.00,899.00,payfast,2026-09-29T00:00,
303968,2026-09-28T00:00,2026-09-28T00:00,70908,4061292,Pending,Paid,Paid Invoice,39.00,39.00,payfast,2026-09-29T00:00,2026-09-28T00:00
303969,2026-09-28T00:00,2026-09-28T00:00,70908,4061293,Pending,Unpaid,Unpaid,78.00,78.00,payfast,2026-09-29T00:00,
303970,2026-09-28T00:00,2026-09-28T00:00,41352,4061294,Pending,Paid,Paid Invoice,197.90,197.90,snapscan,2026-09-29T00:00,2026-09-28T00:00
303972,2026-09-28T00:00,2026-09-28T00:00,159746,4061306,Pending,Unpaid,Unpaid,899.00,899.00,mygateDebit,2026-09-29T00:00,
303975,2026-09-28T00:00,2026-09-28T00:00,30776,4061312,Pending,Paid,Paid Invoice,99.00,99.00,payfast,2026-09-29T00:00,2026-09-28T00:00
303976,2026-09-28T00:00,2026-09-28T00:00,159747,4061313,Pending,Unpaid,Unpaid,899.00,899.00,payfast,2026-09-29T00:00,
303977,2026-09-28T00:00,2026-09-28T00:00,18552,4061314,Pending,Cancelled,Cancelled,99.00,99.00,payfast,2026-09-29T00:00,
303978,2026-09-28T00:00,2026-09-28T00:00,125134,4061315,Pending,Paid,Paid Invoice,388.00,388.00,snapscan,2026-09-29T00:00,2026-09-28T00:00
303979,2026-09-28T00:00,2026-09-28T00:00,41492,4061318,Pending,Unpaid,Unpaid,109.00,109.00,banktransfer,2026-09-29T00:00,
303980,2026-09-28T00:00,2026-09-28T00:00,18552,4061319,Pending,Paid,Paid Invoice,141.90,141.90,payfast,2026-09-29T00:00,2026-09-28T00:00
303981,2026-09-28T00:00,2026-09-28T00:00,159749,4061320,Pending,Unpaid,Unpaid,899.00,899.00,payfast,2026-09-29T00:00,
303983,2026-09-28T00:00,2026-09-28T00:00,8261,4061324,Pending,Paid,Paid Invoice,99.00,99.00,payfast,2026-09-29T00:00,2026-09-28T00:00
303984,2026-09-28T00:00,2026-09-28T00:00,159750,4061326,Pending,Unpaid,Unpaid,899.00,899.00,payfast,2026-09-29T00:00,
303985,2026-09-28T00:00,2026-09-28T00:00,157643,4061328,Pending,Paid,Paid Invoice,39.00,39.00,payfast,2026-09-29T00:00,2026-09-28T00:00
303986,2026-09-28T00:00,2026-09-28T00:00,67188,4061329,Pending,Unpaid,Unpaid,39.00,39.00,snapscan,2026-09-29T00:00,
303989,2026-09-28T00:00,2026-09-28T00:00,9376,4061333,Pending,Paid,Paid Invoice,108.90,108.90,payfast,2026-09-29T00:00,2026-09-28T00:00
303990,2026-09-28T00:00,2026-09-28T00:00,132331,4061335,Cancelled,Refunded,Refunded,91.68,91.68,payfast,2026-09-29T00:00,2026-09-28T00:00
303991,2026-09-28T00:00,2026-09-28T00:00,145284,4061339,Pending,Paid,Paid Invoice,99.00,99.00,payfasteft,2026-09-29T00:00,2026-09-28T00:00
303992,2026-09-28T00:00,2026-09-28T00:00,145284,4061341,Pending,Paid,Paid Invoice,108.90,108.90,payfasteft,2026-09-29T00:00,2026-09-28T00:00
303993,2026-09-28T00:00,2026-09-28T00:00,159751,4061342,Pending,Unpaid,Unpaid,899.00,899.00,payfast,2026-09-29T00:00,
303994,2026-09-28T00:00,2026-09-28T00:00,9376,4061344,Pending,Paid,Paid Invoice,230.90,230.90,payfast,2026-09-29T00:00,2026-09-28T00:00
303995,2026-09-28T00:00,2026-09-28T00:00,159752,4061346,Pending,Unpaid,Unpaid,899.00,899.00,payfast,2026-09-29T00:00,
303996,2026-09-28T00:00,2026-09-28T00:00,159753,4061350,Pending,Paid,Paid Invoice,289.00,289.00,payfast,2026-09-29T00:00,2026-09-28T00:00
303998,2026-09-28T00:00,2026-09-28T00:00,73285,4061353,Pending,Paid,Paid Invoice,108.90,108.90,payfasteft,2026-09-29T00:00,2026-09-28T00:00
303999,2026-09-28T00:00,2026-09-28T00:00,159753,4061356,Pending,Paid,Paid Invoice,91.68,91.68,payfast,2026-09-29T00:00,2026-09-28T00:00
304000,2026-09-28T00:00,2026-09-28T00:00,159754,4061357,Pending,Paid,Paid Invoice,99.00,99.00,payfasteft,2026-09-29T00:00,2026-09-28T00:00
304001,2026-09-28T00:00,2026-09-28T00:00,61142,4061358,Pending,Paid,Paid Invoice,198.00,198.00,payfast,2026-09-29T00:00,2026-09-28T00:00
304002,2026-09-28T00:00,2026-09-28T00:00,61142,4061359,Pending,Paid,Paid Invoice,99.00,99.00,payfast,2026-09-29T00:00,2026-09-28T00:00
304003,2026-09-28T00:00,2026-09-28T00:00,97408,4061360,Pending,Paid,Paid Invoice,99.00,99.00,payfasteft,2026-09-29T00:00,2026-09-28T00:00
304004,2026-09-28T00:00,2026-09-28T00:00,159755,4061363,Pending,Paid,Paid Invoice,39.00,39.00,payfasteft,2026-09-29T00:00,2026-09-28T00:00
304005,2026-09-28T00:00,2026-09-28T00:00,159738,4061364,Pending,Unpaid,Unpaid,899.00,899.00,payfast,2026-09-29T00:00,
304007,2026-09-28T00:00,2026-09-28T00:00,122611,4061368,Pending,Paid,Paid Invoice,397.90,397.90,payfast,2026-09-29T00:00,2026-09-28T00:00
304008,2026-09-28T00:00,2026-09-28T00:00,8261,4061369,Pending,Paid,Paid Invoice,388.00,388.00,payfast,2026-09-29T00:00,2026-09-28T00:00
304009,2026-09-28T00:00,2026-09-28T00:00,17584,4061370,Pending,Paid,Paid Invoice,99.00,99.00,payfast,2026-09-29T00:00,2026-09-28T00:00
304010,2026-09-28T00:00,2026-09-28T00:00,145293,4061371,Pending,Paid,Paid Invoice,99.00,99.00,payfasteft,2026-09-29T00:00,2026-09-28T00:00
304013,2026-09-28T00:00,2026-09-28T00:00,145293,4061372,Pending,Paid,Paid Invoice,99.00,99.00,payfasteft,2026-09-29T00:00,2026-09-28T00:00
304014,2026-09-28T00:00,2026-09-28T00:00,10407,4061373,Pending,Paid,Paid Invoice,387.90,387.90,payfast,2026-09-29T00:00,2026-09-28T00:00
304015,2026-09-28T00:00,2026-09-28T00:00,137873,4061374,Pending,Paid,Paid Invoice,45.00,45.00,payfast,2026-09-29T00:00,2026-09-28T00:00
304016,2026-09-28T00:00,2026-09-28T00:00,17823,4061375,Pending,Paid,Paid Invoice,109.00,109.00,payfast,2026-09-29T00:00,2026-09-28T00:00
304017,2026-09-28T00:00,2026-09-28T00:00,137873,4061376,Pending,Paid,Paid Invoice,109.68,109.68,payfast,2026-09-29T00:00,2026-09-28T00:00
304019,2026-09-28T00:00,2026-09-28T00:00,159753,4061381,Pending,Paid,Paid Invoice,279.00,279.00,payfast,2026-09-29T00:00,2026-09-28T00:00
304020,2026-09-28T00:00,2026-09-28T00:00,7198,4061385,Pending,Paid,Paid Invoice,39.00,39.00,payfast,2026-09-29T00:00,2026-09-28T00:00
304021,2026-09-28T00:00,2026-09-28T00:00,159756,4061386,Pending,Unpaid,Unpaid,303.50,303.50,payfast,2026-09-29T00:00,
304022,2026-09-28T00:00,2026-09-28T00:00,140863,4061387,Pending,Paid,Paid Invoice,849.07,849.07,payfast,2026-09-29T00:00,2026-09-28T00:00
304023,2026-09-28T00:00,2026-09-28T00:00,159757,4061388,Pending,Paid,Paid Invoice,99.00,99.00,mygateDebit,2026-09-29T00:00,2026-09-28T00:00
304024,2026-09-28T00:00,2026-09-28T00:00,159757,4061389,Pending,Paid,Paid Invoice,279.00,279.00,payfast,2026-09-29T00:00,2026-09-28T00:00
304025,2026-09-28T00:00,2026-09-28T00:00,159758,4061390,Pending,Unpaid,Unpaid,289.00,289.00,payfast,2026-09-29T00:00,
304026,2026-09-28T00:00,2026-09-28T00:00,67482,4061391,Pending,Paid,Paid Invoice,467.90,467.90,payfast,2026-09-29T00:00,2026-09-28T00:00
304027,2026-09-28T00:00,2026-09-28T00:00,143607,4061392,Pending,Paid,Paid Invoice,99.00,99.00,payfast,2026-09-29T00:00,2026-09-28T00:00
304028,2026-09-28T00:00,2026-09-28T00:00,109555,4061393,Pending,Paid,Paid Invoice,199.00,199.00,mygateDebit,2026-09-29T00:00,2026-10-02T00:00
304029,2026-09-28T00:00,2026-09-28T00:00,159759,4061394,Pending,Paid,Paid Invoice,99.00,99.00,payfasteft,2026-09-29T00:00,2026-09-28T00:00
304030,2026-09-28T00:00,2026-09-28T00:00,159759,4061395,Pending,Unpaid,Unpaid,279.00,279.00,payfast,2026-09-29T00:00,
303944,2026-09-27T00:00,2026-09-27T00:00,159734,4060872,Pending,Unpaid,Unpaid,899.00,899.00,payfast,2026-09-28T00:00,
303945,2026-09-27T00:00,2026-09-27T00:00,159736,4060873,Pending,Paid,Paid Invoice,157.20,157.20,payfasteft,2026-09-28T00:00,2026-09-27T00:00
303946,2026-09-27T00:00,2026-09-27T00:00,15085,4060875,Pending,Paid,Paid Invoice,279.00,279.00,snapscan,2026-09-28T00:00,2026-09-27T00:00
303947,2026-09-27T00:00,2026-09-27T00:00,159737,4060876,Pending,Paid,Paid Invoice,39.00,39.00,payfasteft,2026-09-28T00:00,2026-09-27T00:00
303948,2026-09-27T00:00,2026-09-27T00:00,113068,4060877,Pending,Paid,Paid Invoice,99.00,99.00,payfast,2026-09-28T00:00,2026-09-27T00:00
303949,2026-09-27T00:00,2026-09-27T00:00,148601,4060878,Pending,Paid,Paid Invoice,112.20,112.20,payfast,2026-09-28T00:00,2026-09-27T00:00
303950,2026-09-27T00:00,2026-09-27T00:00,81801,4060879,Pending,Cancelled,Cancelled,5599.00,5599.00,payfast,2026-09-28T00:00,
303951,2026-09-27T00:00,2026-09-27T00:00,5168,4060881,Pending,Paid,Paid Invoice,99.00,99.00,snapscan,2026-09-28T00:00,2026-09-27T00:00
303952,2026-09-27T00:00,2026-09-27T00:00,158886,4060882,Pending,Paid,Paid Invoice,99.00,99.00,payfast,2026-09-28T00:00,2026-09-27T00:00
303953,2026-09-27T00:00,2026-09-27T00:00,159741,4060883,Pending,Unpaid,Unpaid,899.00,899.00,payfast,2026-09-28T00:00,
303957,2026-09-27T00:00,2026-09-27T00:00,40774,4060885,Pending,Paid,Paid Invoice,99.00,99.00,payfasteft,2026-09-28T00:00,2026-09-27T00:00
303959,2026-09-27T00:00,2026-09-27T00:00,40774,4060887,Pending,Paid,Paid Invoice,99.00,99.00,payfasteft,2026-09-28T00:00,2026-09-27T00:00
303960,2026-09-27T00:00,2026-09-27T00:00,39900,4060890,Pending,Paid,Paid Invoice,248.20,248.20,payfast,2026-09-28T00:00,2026-09-27T00:00
303961,2026-09-27T00:00,2026-09-27T00:00,65750,4060892,Pending,Paid,Paid Invoice,91.95,91.95,payfast,2026-09-28T00:00,2026-09-28T00:00
303965,2026-09-27T00:00,2026-09-27T00:00,159733,4060896,Pending,Unpaid,Unpaid,39.00,39.00,payfasteft,2026-09-28T00:00,
303966,2026-09-27T00:00,2026-09-27T00:00,159733,4060897,Pending,Paid,Paid Invoice,39.00,39.00,payfasteft,2026-09-28T00:00,2026-09-27T00:00
303922,2026-09-26T00:00,2026-09-26T00:00,158879,4059950,Pending,Unpaid,Unpaid,322.80,322.80,payfast,2026-09-27T00:00,
303924,2026-09-26T00:00,2026-09-26T00:00,159625,4059952,Pending,Paid,Paid Invoice,99.00,99.00,payfast,2026-09-27T00:00,2026-09-26T00:00
303925,2026-09-26T00:00,2026-09-26T00:00,159725,4060411,Pending,Unpaid,Unpaid,899.00,899.00,payfast,2026-09-27T00:00,
303926,2026-09-26T00:00,2026-09-26T00:00,159726,4060412,Pending,Unpaid,Unpaid,899.00,899.00,payfast,2026-09-27T00:00,
303927,2026-09-26T00:00,2026-09-26T00:00,159728,4060417,Pending,Paid,Paid Invoice,150.50,150.50,payfast,2026-09-27T00:00,2026-09-26T00:00
303928,2026-09-26T00:00,2026-09-26T00:00,159729,4060419,Pending,Unpaid,Unpaid,899.00,899.00,payfast,2026-09-27T00:00,
303929,2026-09-26T00:00,2026-09-26T00:00,143485,4060422,Pending,Paid,Paid Invoice,115.50,115.50,payfasteft,2026-09-27T00:00,2026-09-26T00:00
303932,2026-09-26T00:00,2026-09-26T00:00,123747,4060427,Pending,Paid,Paid Invoice,99.00,99.00,payfasteft,2026-09-27T00:00,2026-09-26T00:00
303933,2026-09-26T00:00,2026-09-26T00:00,26889,4060428,Pending,Paid,Paid Invoice,99.00,99.00,payfast,2026-09-27T00:00,2026-09-26T00:00
303934,2026-09-26T00:00,2026-09-26T00:00,159730,4060429,Pending,Unpaid,Unpaid,899.00,899.00,payfast,2026-09-27T00:00,
303935,2026-09-26T00:00,2026-09-26T00:00,159731,4060430,Pending,Unpaid,Unpaid,899.00,899.00,payfast,2026-09-27T00:00,
303936,2026-09-26T00:00,2026-09-26T00:00,125134,4060431,Pending,Unpaid,Unpaid,99.00,99.00,snapscan,2026-09-27T00:00,
303937,2026-09-26T00:00,2026-09-26T00:00,125134,4060432,Pending,Paid,Paid Invoice,99.00,99.00,payfast,2026-09-27T00:00,2026-09-26T00:00
303938,2026-09-26T00:00,2026-09-26T00:00,126662,4060433,Pending,Paid,Paid Invoice,75.83,75.83,payfast,2026-09-27T00:00,2026-09-26T00:00
303939,2026-09-26T00:00,2026-09-26T00:00,159733,4060437,Pending,Paid,Paid Invoice,39.00,39.00,payfast,2026-09-27T00:00,2026-09-26T00:00
303942,2026-09-26T00:00,2026-09-26T00:00,95604,4060439,Pending,Paid,Paid Invoice,99.00,99.00,payfast,2026-09-27T00:00,2026-09-26T00:00
303943,2026-09-26T00:00,2026-09-26T00:00,9985,4060441,Pending,Paid,Paid Invoice,99.00,99.00,payfasteft,2026-09-27T00:00,2026-09-26T00:00
303886,2026-09-25T00:00,2026-09-25T00:00,159714,4059314,Pending,Unpaid,Unpaid,899.00,899.00,payfast,2026-09-26T00:00,
303887,2026-09-25T00:00,2026-09-25T00:00,159715,4059880,Pending,Unpaid,Unpaid,899.00,899.00,payfast,2026-09-26T00:00,
303888,2026-09-25T00:00,2026-09-25T00:00,159716,4059883,Pending,Paid,Paid Invoice,899.00,899.00,payfast,2026-09-26T00:00,2026-09-25T00:00
303889,2026-09-25T00:00,2026-09-25T00:00,97408,4059884,Pending,Paid,Paid Invoice,99.00,99.00,payfasteft,2026-09-26T00:00,2026-09-25T00:00
303890,2026-09-25T00:00,2026-09-25T00:00,63584,4059888,Pending,Paid,Paid Invoice,99.00,99.00,payfast,2026-09-26T00:00,2026-09-25T00:00
303891,2026-09-25T00:00,2026-09-25T00:00,131125,4059891,Pending,Unpaid,Unpaid,99.00,99.00,mygateDebit,2026-09-26T00:00,
303892,2026-09-25T00:00,2026-09-25T00:00,110022,4059894,Pending,Paid,Paid Invoice,99.00,99.00,payfasteft,2026-09-26T00:00,2026-09-25T00:00
303896,2026-09-25T00:00,2026-09-25T00:00,18316,4059905,Pending,Paid,Paid Invoice,99.00,99.00,snapscan,2026-09-26T00:00,2026-09-25T00:00
303897,2026-09-25T00:00,2026-09-25T00:00,159721,4059909,Pending,Paid,Paid Invoice,177.00,177.00,payfast,2026-09-26T00:00,2026-09-25T00:00
303898,2026-09-25T00:00,2026-09-25T00:00,157665,4059911,Pending,Paid,Paid Invoice,99.00,99.00,payfasteft,2026-09-26T00:00,2026-09-25T00:00
303899,2026-09-25T00:00,2026-09-25T00:00,102664,4059917,Pending,Unpaid,Unpaid,99.00,99.00,payfasteft,2026-09-26T00:00,
303900,2026-09-25T00:00,2026-09-25T00:00,159722,4059918,Pending,Paid,Paid Invoice,388.00,388.00,payfast,2026-09-26T00:00,2026-09-28T00:00
303901,2026-09-25T00:00,2026-09-25T00:00,68790,4059919,Pending,Paid,Paid Invoice,118.80,118.80,payfast,2026-09-26T00:00,2026-09-25T00:00
303902,2026-09-25T00:00,2026-09-25T00:00,159226,4059922,Pending,Paid,Paid Invoice,289.00,289.00,payfasteft,2026-09-26T00:00,2026-09-25T00:00
303905,2026-09-25T00:00,2026-09-25T00:00,159723,4059924,Pending,Paid,Paid Invoice,99.00,99.00,payfasteft,2026-09-26T00:00,2026-09-25T00:00
303906,2026-09-25T00:00,2026-09-25T00:00,9985,4059927,Pending,Paid,Paid Invoice,99.00,99.00,payfast,2026-09-26T00:00,2026-09-25T00:00
303907,2026-09-25T00:00,2026-09-25T00:00,145921,4059928,Pending,Paid,Paid Invoice,99.00,99.00,payfasteft,2026-09-26T00:00,2026-10-01T00:00
303908,2026-09-25T00:00,2026-09-25T00:00,145921,4059929,Pending,Paid,Paid Invoice,99.00,99.00,payfasteft,2026-09-26T00:00,2026-10-01T00:00
303909,2026-09-25T00:00,2026-09-25T00:00,145921,4059930,Pending,Paid,Paid Invoice,99.00,99.00,payfasteft,2026-09-26T00:00,2026-09-25T00:00
303910,2026-09-25T00:00,2026-09-25T00:00,102664,4059931,Pending,Paid,Paid Invoice,99.00,99.00,payfasteft,2026-09-26T00:00,2026-09-25T00:00
303912,2026-09-25T00:00,2026-09-25T00:00,128690,4059933,Pending,Unpaid,Unpaid,78.00,78.00,payfasteft,2026-09-26T00:00,
303913,2026-09-25T00:00,2026-09-25T00:00,159724,4059935,Pending,Paid,Paid Invoice,99.00,99.00,payfast,2026-09-26T00:00,2026-09-25T00:00
303914,2026-09-25T00:00,2026-09-25T00:00,48563,4059940,Pending,Paid,Paid Invoice,99.00,99.00,payfast,2026-09-26T00:00,2026-09-25T00:00
303916,2026-09-25T00:00,2026-09-25T00:00,126255,4059941,Pending,Paid,Paid Invoice,99.00,99.00,payfast,2026-09-26T00:00,2026-09-25T00:00
303917,2026-09-25T00:00,2026-09-25T00:00,121122,4059942,Pending,Paid,Paid Invoice,423.80,423.80,payfast,2026-09-26T00:00,2026-09-25T00:00
303918,2026-09-25T00:00,2026-09-25T00:00,20807,4059946,Pending,Paid,Paid Invoice,289.00,289.00,payfasteft,2026-09-26T00:00,2026-09-25T00:00
303919,2026-09-25T00:00,2026-09-25T00:00,21208,4059947,Pending,Paid,Paid Invoice,99.00,99.00,payfast,2026-09-26T00:00,2026-09-25T00:00
303920,2026-09-25T00:00,2026-09-25T00:00,126662,4059948,Pending,Unpaid,Unpaid,69.00,69.00,mygateDebit,2026-09-26T00:00,
303921,2026-09-25T00:00,2026-09-25T00:00,113068,4059949,Pending,Paid,Paid Invoice,99.00,99.00,payfast,2026-09-26T00:00,2026-09-25T00:00
303875,2026-09-24T00:00,2026-09-24T00:00,159706,4051966,Pending,Unpaid,Unpaid,899.00,899.00,payfast,2026-09-25T00:00,
303876,2026-09-24T00:00,2026-09-24T00:00,102064,4059198,Pending,Paid,Paid Invoice,99.00,99.00,payfasteft,2026-09-25T00:00,2026-10-01T00:00
303877,2026-09-24T00:00,2026-09-24T00:00,17663,4059200,Pending,Paid,Paid Invoice,776.00,776.00,mygateDebit,2026-09-25T00:00,2026-09-26T00:00
303878,2026-09-24T00:00,2026-09-24T00:00,73475,4059202,Pending,Paid,Paid Invoice,538.00,538.00,payfast,2026-09-25T00:00,2026-09-24T00:00
303879,2026-09-24T00:00,2026-09-24T00:00,159709,4059205,Pending,Paid,Paid Invoice,99.00,99.00,payfast,2026-09-25T00:00,2026-09-24T00:00
303880,2026-09-24T00:00,2026-09-24T00:00,124968,4059207,Pending,Paid,Paid Invoice,99.00,99.00,payfast,2026-09-25T00:00,2026-09-24T00:00
303882,2026-09-24T00:00,2026-09-24T00:00,159710,4059208,Pending,Unpaid,Unpaid,899.00,899.00,payfast,2026-09-25T00:00,
303883,2026-09-24T00:00,2026-09-24T00:00,159711,4059210,Pending,Unpaid,Unpaid,899.00,899.00,payfast,2026-09-25T00:00,
303884,2026-09-24T00:00,2026-09-24T00:00,159712,4059211,Pending,Unpaid,Unpaid,899.00,899.00,payfast,2026-09-25T00:00,
303885,2026-09-24T00:00,2026-09-24T00:00,159713,4059212,Pending,Paid,Paid Invoice,289.00,289.00,offlineeft,2026-09-25T00:00,2026-09-26T00:00
303833,2026-09-23T00:00,2026-09-23T00:00,65943,4049922,Pending,Paid,Paid Invoice,99.00,99.00,payfast,2026-09-24T00:00,2026-09-23T00:00
303834,2026-09-23T00:00,2026-09-23T00:00,159683,4050145,Pending,Paid,Paid Invoice,125.40,125.40,payfast,2026-09-24T00:00,2026-09-25T00:00
303835,2026-09-23T00:00,2026-09-23T00:00,17538,4050146,Pending,Paid,Paid Invoice,279.00,279.00,payfast,2026-09-24T00:00,2026-09-30T00:00
303836,2026-09-23T00:00,2026-09-23T00:00,17538,4050147,Pending,Paid,Paid Invoice,279.00,279.00,payfast,2026-09-24T00:00,2026-09-30T00:00
303837,2026-09-23T00:00,2026-09-23T00:00,17538,4050148,Pending,Paid,Paid Invoice,279.00,279.00,payfast,2026-09-24T00:00,2026-09-23T00:00
303838,2026-09-23T00:00,2026-09-23T00:00,74175,4050149,Pending,Paid,Paid Invoice,99.00,99.00,offlinedeposit,2026-09-24T00:00,2026-09-24T00:00
303839,2026-09-23T00:00,2026-09-23T00:00,159689,4050151,Pending,Unpaid,Unpaid,899.00,899.00,payfast,2026-09-24T00:00,
303840,2026-09-23T00:00,2026-09-23T00:00,159690,4050155,Pending,Paid,Paid Invoice,125.40,125.40,payfasteft,2026-09-24T00:00,2026-09-23T00:00
303841,2026-09-23T00:00,2026-09-23T00:00,46991,4050156,Pending,Paid,Paid Invoice,109.00,109.00,payfast,2026-09-24T00:00,2026-09-23T00:00
303842,2026-09-23T00:00,2026-09-23T00:00,76311,4050158,Pending,Paid,Paid Invoice,299.00,299.00,payfast,2026-09-24T00:00,2026-09-23T00:00
303843,2026-09-23T00:00,2026-09-23T00:00,159692,4050160,Pending,Unpaid,Unpaid,899.00,899.00,payfast,2026-09-24T00:00,
303844,2026-09-23T00:00,2026-09-23T00:00,59324,4050161,Pending,Unpaid,Unpaid,125.40,125.40,banktransfer,2026-09-24T00:00,
303846,2026-09-23T00:00,2026-09-23T00:00,77982,4050162,Pending,Paid,Paid Invoice,289.00,289.00,mygateDebit,2026-09-24T00:00,2026-09-30T00:00
303849,2026-09-23T00:00,2026-09-23T00:00,38544,4050164,Pending,Unpaid,Unpaid,93.03,93.03,payfasteft,2026-09-24T00:00,
303850,2026-09-23T00:00,2026-09-23T00:00,159695,4050165,Pending,Cancelled,Cancelled,99.00,99.00,payfasteft,2026-09-24T00:00,
303851,2026-09-23T00:00,2026-09-23T00:00,159695,4050166,Pending,Paid,Paid Invoice,99.00,99.00,payfasteft,2026-09-24T00:00,2026-09-23T00:00
303852,2026-09-23T00:00,2026-09-23T00:00,18016,4050168,Pending,Paid,Paid Invoice,388.00,388.00,mygateDebit,2026-09-24T00:00,2026-09-30T00:00
303853,2026-09-23T00:00,2026-09-23T00:00,159696,4050169,Pending,Paid,Paid Invoice,298.00,298.00,payfasteft,2026-09-24T00:00,2026-09-23T00:00
303854,2026-09-23T00:00,2026-09-23T00:00,19627,4050170,Cancelled,Cancelled,Cancelled,279.00,279.00,payfast,2026-09-24T00:00,
303855,2026-09-23T00:00,2026-09-23T00:00,159699,4050174,Pending,Unpaid,Unpaid,899.00,899.00,payfast,2026-09-24T00:00,
303856,2026-09-23T00:00,2026-09-23T00:00,159700,4050175,Pending,Paid,Paid Invoice,163.40,163.40,payfasteft,2026-09-24T00:00,2026-09-23T00:00
303858,2026-09-23T00:00,2026-09-23T00:00,61142,4050177,Pending,Paid,Paid Invoice,99.00,99.00,payfast,2026-09-24T00:00,2026-09-23T00:00
303859,2026-09-23T00:00,2026-09-23T00:00,159698,4050179,Cancelled,Cancelled,Cancelled,899.00,899.00,payfast,2026-09-24T00:00,
303861,2026-09-23T00:00,2026-09-23T00:00,159702,4050184,Pending,Unpaid,Unpaid,899.00,899.00,payfast,2026-09-24T00:00,
303862,2026-09-23T00:00,2026-09-23T00:00,11234,4050186,Pending,Paid,Paid Invoice,99.00,99.00,payfast,2026-09-24T00:00,2026-09-23T00:00
303865,2026-09-23T00:00,2026-09-23T00:00,127015,4050189,Pending,Paid,Paid Invoice,99.00,99.00,payfast,2026-09-24T00:00,2026-09-23T00:00
303866,2026-09-23T00:00,2026-09-23T00:00,159703,4050191,Pending,Unpaid,Unpaid,899.00,899.00,payfast,2026-09-24T00:00,
303867,2026-09-23T00:00,2026-09-23T00:00,17802,4050195,Pending,Paid,Paid Invoice,99.00,99.00,payfast,2026-09-24T00:00,2026-09-23T00:00
303868,2026-09-23T00:00,2026-09-23T00:00,157334,4050197,Pending,Paid,Paid Invoice,315.40,315.40,payfast,2026-09-24T00:00,2026-09-23T00:00
303869,2026-09-23T00:00,2026-09-23T00:00,17923,4050198,Pending,Paid,Paid Invoice,99.00,99.00,mygateDebit,2026-09-24T00:00,2026-09-30T00:00
303870,2026-09-23T00:00,2026-09-23T00:00,17923,4050199,Pending,Paid,Paid Invoice,99.00,99.00,mygateDebit,2026-09-24T00:00,2026-09-30T00:00
303871,2026-09-23T00:00,2026-09-23T00:00,419,4050200,Pending,Paid,Paid Invoice,269.00,269.00,mygateDebit,2026-09-24T00:00,2026-09-30T00:00
303873,2026-09-23T00:00,2026-09-23T00:00,38669,4050203,Pending,Paid,Paid Invoice,1115.00,1115.00,payfast,2026-09-24T00:00,2026-09-23T00:00
303874,2026-09-23T00:00,2026-09-23T00:00,159705,4050204,Pending,Paid,Paid Invoice,39.00,39.00,payfasteft,2026-09-24T00:00,2026-09-23T00:00
303784,2026-09-22T00:00,2026-09-22T00:00,136359,4049854,Pending,Paid,Paid Invoice,99.00,99.00,payfast,2026-09-23T00:00,2026-09-23T00:00
303785,2026-09-22T00:00,2026-09-22T00:00,22841,4049855,Pending,Unpaid,Unpaid,289.00,289.00,payfast,2026-09-23T00:00,
303786,2026-09-22T00:00,2026-09-22T00:00,76311,4049857,Pending,Paid,Paid Invoice,99.00,99.00,payfast,2026-09-23T00:00,2026-09-22T00:00
303788,2026-09-22T00:00,2026-09-22T00:00,40548,4049860,Pending,Paid,Paid Invoice,78.00,78.00,payfast,2026-09-23T00:00,2026-09-22T00:00
303789,2026-09-22T00:00,2026-09-22T00:00,76239,4049864,Pending,Paid,Paid Invoice,99.00,99.00,payfast,2026-09-23T00:00,2026-09-22T00:00
303790,2026-09-22T00:00,2026-09-22T00:00,69967,4049868,Pending,Paid,Paid Invoice,128.70,128.70,payfast,2026-09-23T00:00,2026-09-28T00:00
303792,2026-09-22T00:00,2026-09-22T00:00,76239,4049872,Pending,Paid,Paid Invoice,154.70,154.70,payfast,2026-09-23T00:00,2026-09-22T00:00
303793,2026-09-22T00:00,2026-09-22T00:00,159672,4049873,Pending,Unpaid,Unpaid,899.00,899.00,payfast,2026-09-23T00:00,
303794,2026-09-22T00:00,2026-09-22T00:00,22841,4049875,Pending,Unpaid,Unpaid,289.00,289.00,payfast,2026-09-23T00:00,
303795,2026-09-22T00:00,2026-09-22T00:00,159162,4049876,Active,Paid,Paid Invoice,128.70,128.70,mygateDebit,2026-09-23T00:00,2026-09-23T00:00
303797,2026-09-22T00:00,2026-09-22T00:00,73491,4049880,Cancelled,Cancelled,Cancelled,128.70,128.70,payfasteft,2026-09-23T00:00,
303798,2026-09-22T00:00,2026-09-22T00:00,73491,4049881,Pending,Paid,Paid Invoice,167.70,167.70,payfasteft,2026-09-23T00:00,2026-09-25T00:00
303799,2026-09-22T00:00,2026-09-22T00:00,29346,4049884,Pending,Paid,Paid Invoice,279.00,279.00,payfast,2026-09-23T00:00,2026-09-22T00:00
303800,2026-09-22T00:00,2026-09-22T00:00,159673,4049886,Pending,Cancelled,Cancelled,1674.00,1674.00,payfasteft,2026-09-23T00:00,
303802,2026-09-22T00:00,2026-09-22T00:00,145284,4049888,Pending,Paid,Paid Invoice,128.70,128.70,payfasteft,2026-09-23T00:00,2026-09-23T00:00
303803,2026-09-22T00:00,2026-09-22T00:00,18305,4049889,Pending,Paid,Paid Invoice,1674.00,1674.00,payfast,2026-09-23T00:00,2026-09-23T00:00
303804,2026-09-22T00:00,2026-09-22T00:00,46583,4049891,Pending,Paid,Paid Invoice,99.00,99.00,payfast,2026-09-23T00:00,2026-09-22T00:00
303806,2026-09-22T00:00,2026-09-22T00:00,96916,4049894,Pending,Paid,Paid Invoice,289.00,289.00,snapscan,2026-09-23T00:00,2026-09-22T00:00
303808,2026-09-22T00:00,2026-09-22T00:00,61932,4049897,Pending,Paid,Paid Invoice,289.00,289.00,payfast,2026-09-23T00:00,2026-09-22T00:00
303810,2026-09-22T00:00,2026-09-22T00:00,159675,4049899,Pending,Unpaid,Unpaid,899.00,899.00,payfast,2026-09-23T00:00,
303811,2026-09-22T00:00,2026-09-22T00:00,63725,4049900,Pending,Cancelled,Cancelled,84.50,84.50,payfasteft,2026-09-23T00:00,
303812,2026-09-22T00:00,2026-09-22T00:00,50122,4049901,Pending,Paid,Paid Invoice,99.00,99.00,mygateDebit,2026-09-23T00:00,2026-09-28T00:00
303813,2026-09-22T00:00,2026-09-22T00:00,159676,4049902,Pending,Unpaid,Unpaid,899.00,899.00,payfast,2026-09-23T00:00,
303814,2026-09-22T00:00,2026-09-22T00:00,159677,4049903,Pending,Unpaid,Unpaid,222.50,222.50,mygateDebit,2026-09-23T00:00,
303815,2026-09-22T00:00,2026-09-22T00:00,60728,4049904,Pending,Unpaid,Unpaid,99.00,99.00,payfast,2026-09-23T00:00,
303816,2026-09-22T00:00,2026-09-22T00:00,159678,4049905,Pending,Paid,Paid Invoice,39.00,39.00,offlinedeposit,2026-09-23T00:00,2026-09-30T00:00
303817,2026-09-22T00:00,2026-09-22T00:00,159679,4049906,Pending,Unpaid,Unpaid,99.00,99.00,offlinedeposit,2026-09-23T00:00,
303819,2026-09-22T00:00,2026-09-22T00:00,44280,4049908,Pending,Paid,Paid Invoice,279.00,279.00,payfasteft,2026-09-23T00:00,2026-09-22T00:00
303820,2026-09-22T00:00,2026-09-22T00:00,159681,4049909,Pending,Paid,Paid Invoice,99.00,99.00,payfasteft,2026-09-23T00:00,2026-09-22T00:00
303822,2026-09-22T00:00,2026-09-22T00:00,19637,4049911,Pending,Unpaid,Unpaid,99.00,99.00,payfasteft,2026-09-23T00:00,
303823,2026-09-22T00:00,2026-09-22T00:00,159682,4049912,Pending,Paid,Paid Invoice,289.00,289.00,payfasteft,2026-09-23T00:00,2026-09-22T00:00
303824,2026-09-22T00:00,2026-09-22T00:00,26889,4049913,Pending,Paid,Paid Invoice,99.00,99.00,mygateDebit,2026-09-23T00:00,2026-09-28T00:00
303825,2026-09-22T00:00,2026-09-22T00:00,19637,4049914,Pending,Paid,Paid Invoice,99.00,99.00,payfasteft,2026-09-23T00:00,2026-09-22T00:00
303826,2026-09-22T00:00,2026-09-22T00:00,159683,4049915,Active,Paid,Paid Invoice,99.00,99.00,offlinedeposit,2026-09-23T00:00,2026-09-24T00:00
303827,2026-09-22T00:00,2026-09-22T00:00,40155,4049916,Pending,Paid,Paid Invoice,388.00,388.00,payfast,2026-09-23T00:00,2026-09-22T00:00
303828,2026-09-22T00:00,2026-09-22T00:00,159684,4049917,Pending,Unpaid,Unpaid,899.00,899.00,payfast,2026-09-23T00:00,
303829,2026-09-22T00:00,2026-09-22T00:00,9985,4049918,Pending,Paid,Paid Invoice,99.00,99.00,payfasteft,2026-09-23T00:00,2026-09-22T00:00
303830,2026-09-22T00:00,2026-09-22T00:00,9985,4049919,Pending,Paid,Paid Invoice,99.00,99.00,payfasteft,2026-09-23T00:00,2026-09-22T00:00
303831,2026-09-22T00:00,2026-09-22T00:00,9985,4049920,Pending,Paid,Paid Invoice,99.00,99.00,payfasteft,2026-09-23T00:00,2026-09-22T00:00
303832,2026-09-22T00:00,2026-09-22T00:00,150110,4049921,Pending,Paid,Paid Invoice,99.00,99.00,payfast,2026-09-23T00:00,2026-09-22T00:00
303740,2026-09-21T00:00,2026-09-21T00:00,30854,4049054,Pending,Paid,Paid Invoice,388.00,388.00,mygateDebit,2026-09-22T00:00,2026-09-25T00:00
303741,2026-09-21T00:00,2026-09-21T00:00,63246,4049536,Pending,Paid,Paid Invoice,408.00,408.00,payfast,2026-09-22T00:00,2026-09-21T00:00
303742,2026-09-21T00:00,2026-09-21T00:00,159663,4049538,Pending,Unpaid,Unpaid,296.00,296.00,payfast,2026-09-22T00:00,
303743,2026-09-21T00:00,2026-09-21T00:00,159664,4049539,Pending,Unpaid,Unpaid,296.00,296.00,payfast,2026-09-22T00:00,
303744,2026-09-21T00:00,2026-09-21T00:00,9985,4049541,Pending,Paid,Paid Invoice,99.00,99.00,payfasteft,2026-09-22T00:00,2026-09-21T00:00
303745,2026-09-21T00:00,2026-09-21T00:00,111278,4049542,Pending,Paid,Paid Invoice,109.00,109.00,payfast,2026-09-22T00:00,2026-09-21T00:00
303746,2026-09-21T00:00,2026-09-21T00:00,133878,4049544,Pending,Paid,Paid Invoice,99.00,99.00,payfasteft,2026-09-22T00:00,2026-09-21T00:00
303747,2026-09-21T00:00,2026-09-21T00:00,61079,4049545,Pending,Paid,Paid Invoice,99.00,99.00,mygateDebit,2026-09-22T00:00,2026-09-25T00:00
303748,2026-09-21T00:00,2026-09-21T00:00,18169,4049546,Pending,Paid,Paid Invoice,20.00,399.00,payfast,2026-09-22T00:00,2026-09-21T00:00
303749,2026-09-21T00:00,2026-09-21T00:00,118391,4049547,Pending,Paid,Paid Invoice,99.00,99.00,payfast,2026-09-22T00:00,2026-09-21T00:00
303750,2026-09-21T00:00,2026-09-21T00:00,159600,4049549,Pending,Paid,Paid Invoice,132.00,132.00,payfasteft,2026-09-22T00:00,2026-09-21T00:00
303751,2026-09-21T00:00,2026-09-21T00:00,17872,4049559,Pending,Paid,Paid Invoice,99.00,99.00,payfasteft,2026-09-22T00:00,2026-09-21T00:00
303753,2026-09-21T00:00,2026-09-21T00:00,159667,4049565,Pending,Cancelled,Cancelled,132.00,132.00,mygateDebit,2026-09-22T00:00,
303754,2026-09-21T00:00,2026-09-21T00:00,159666,4049566,Pending,Unpaid,Unpaid,899.00,899.00,payfast,2026-09-22T00:00,
303755,2026-09-21T00:00,2026-09-21T00:00,159668,4049575,Pending,Unpaid,Unpaid,899.00,899.00,payfast,2026-09-22T00:00,
303757,2026-09-21T00:00,2026-09-21T00:00,29346,4049580,Pending,Paid,Paid Invoice,99.00,99.00,payfast,2026-09-22T00:00,2026-09-21T00:00
303758,2026-09-21T00:00,2026-09-21T00:00,26366,4049583,Pending,Paid,Paid Invoice,99.00,99.00,offlineeft,2026-09-22T00:00,2026-09-25T00:00
303759,2026-09-21T00:00,2026-09-21T00:00,3356,4049589,Pending,Paid,Paid Invoice,289.00,289.00,payfast,2026-09-22T00:00,2026-09-21T00:00
303760,2026-09-21T00:00,2026-09-21T00:00,3356,4049591,Pending,Paid,Paid Invoice,99.00,99.00,payfast,2026-09-22T00:00,2026-09-21T00:00
303761,2026-09-21T00:00,2026-09-21T00:00,54529,4049592,Pending,Paid,Paid Invoice,99.00,99.00,payfasteft,2026-09-22T00:00,2026-09-21T00:00
303763,2026-09-21T00:00,2026-09-21T00:00,54529,4049601,Pending,Paid,Paid Invoice,86.67,86.67,payfasteft,2026-09-22T00:00,2026-09-21T00:00
303765,2026-09-21T00:00,2026-09-21T00:00,159670,4049603,Pending,Paid,Paid Invoice,225.33,225.33,payfast,2026-09-22T00:00,2026-09-21T00:00
303766,2026-09-21T00:00,2026-09-21T00:00,59324,4049605,Pending,Paid,Paid Invoice,109.00,109.00,payfasteft,2026-09-22T00:00,2026-09-21T00:00
303767,2026-09-21T00:00,2026-09-21T00:00,159671,4049606,Pending,Paid,Paid Invoice,99.00,99.00,payfast,2026-09-22T00:00,2026-09-21T00:00
303768,2026-09-21T00:00,2026-09-21T00:00,66205,4049608,Pending,Paid,Paid Invoice,225.00,225.00,payfasteft,2026-09-22T00:00,2026-09-21T00:00
303769,2026-09-21T00:00,2026-09-21T00:00,64664,4049609,Pending,Unpaid,Unpaid,99.00,99.00,payfasteft,2026-09-22T00:00,
303770,2026-09-21T00:00,2026-09-21T00:00,64664,4049610,Pending,Paid,Paid Invoice,99.00,99.00,payfasteft,2026-09-22T00:00,2026-09-21T00:00
303771,2026-09-21T00:00,2026-09-21T00:00,6008,4049612,Pending,Paid,Paid Invoice,299.00,299.00,payfast,2026-09-22T00:00,2026-09-21T00:00
303772,2026-09-21T00:00,2026-09-21T00:00,159325,4049614,Pending,Paid,Paid Invoice,99.00,99.00,payfast,2026-09-22T00:00,2026-09-21T00:00
303773,2026-09-21T00:00,2026-09-21T00:00,135433,4049615,Pending,Unpaid,Unpaid,185.67,185.67,payfasteft,2026-09-22T00:00,
303774,2026-09-21T00:00,2026-09-21T00:00,159325,4049618,Pending,Paid,Paid Invoice,520.00,520.00,payfast,2026-09-22T00:00,2026-09-21T00:00
303776,2026-09-21T00:00,2026-09-21T00:00,24591,4049620,Pending,Paid,Paid Invoice,99.00,99.00,payfasteft,2026-09-22T00:00,2026-09-21T00:00
303777,2026-09-21T00:00,2026-09-21T00:00,82472,4049622,Pending,Paid,Paid Invoice,99.00,99.00,payfast,2026-09-22T00:00,2026-09-21T00:00
303778,2026-09-21T00:00,2026-09-21T00:00,15714,4049623,Pending,Paid,Paid Invoice,99.00,99.00,snapscan,2026-09-22T00:00,2026-09-21T00:00
303779,2026-09-21T00:00,2026-09-21T00:00,159475,4049624,Pending,Paid,Paid Invoice,289.00,289.00,payfast,2026-09-22T00:00,2026-09-21T00:00
303780,2026-09-21T00:00,2026-09-21T00:00,54766,4049625,Pending,Paid,Paid Invoice,109.00,109.00,payfast,2026-09-22T00:00,2026-09-21T00:00
303781,2026-09-21T00:00,2026-09-21T00:00,19637,4049629,Pending,Unpaid,Unpaid,99.00,99.00,payfasteft,2026-09-22T00:00,
303782,2026-09-21T00:00,2026-09-21T00:00,19637,4049630,Pending,Paid,Paid Invoice,99.00,99.00,payfasteft,2026-09-22T00:00,2026-09-21T00:00
303783,2026-09-21T00:00,2026-09-21T00:00,159670,4049631,Pending,Paid,Paid Invoice,99.00,99.00,payfast,2026-09-22T00:00,2026-09-21T00:00
303728,2026-09-20T00:00,2026-09-20T00:00,67627,4049043,Pending,Unpaid,Unpaid,99.00,99.00,offlinedeposit,2026-09-21T00:00,
303729,2026-09-20T00:00,2026-09-20T00:00,67627,4049044,Pending,Unpaid,Unpaid,99.00,99.00,offlinedeposit,2026-09-21T00:00,
303730,2026-09-20T00:00,2026-09-20T00:00,159659,4049045,Pending,Paid,Paid Invoice,78.00,78.00,payfast,2026-09-21T00:00,2026-09-20T00:00
303731,2026-09-20T00:00,2026-09-20T00:00,123747,4049046,Pending,Paid,Paid Invoice,99.00,99.00,payfasteft,2026-09-21T00:00,2026-09-20T00:00
303734,2026-09-20T00:00,2026-09-20T00:00,158560,4049047,Pending,Unpaid,Unpaid,99.00,99.00,mygateDebit,2026-09-21T00:00,
303735,2026-09-20T00:00,2026-09-20T00:00,49227,4049048,Pending,Paid,Paid Invoice,299.00,299.00,payfast,2026-09-21T00:00,2026-09-20T00:00
303736,2026-09-20T00:00,2026-09-20T00:00,159661,4049049,Pending,Paid,Paid Invoice,187.83,187.83,payfast,2026-09-21T00:00,2026-09-20T00:00
303737,2026-09-20T00:00,2026-09-20T00:00,68503,4049051,Pending,Paid,Paid Invoice,99.00,99.00,payfast,2026-09-21T00:00,2026-09-20T00:00
303738,2026-09-20T00:00,2026-09-20T00:00,159662,4049052,Pending,Paid,Paid Invoice,99.00,99.00,payfast,2026-09-21T00:00,2026-09-20T00:00
303739,2026-09-20T00:00,2026-09-20T00:00,159350,4049053,Pending,Paid,Paid Invoice,14.67,14.67,payfasteft,2026-09-21T00:00,2026-09-20T00:00
303723,2026-09-19T00:00,2026-09-19T00:00,65535,4048623,Pending,Paid,Paid Invoice,99.00,99.00,payfast,2026-09-20T00:00,2026-09-19T00:00
303724,2026-09-19T00:00,2026-09-19T00:00,159658,4048625,Pending,Paid,Paid Invoice,38.00,38.00,payfasteft,2026-09-20T00:00,2026-09-19T00:00
303725,2026-09-19T00:00,2026-09-19T00:00,21142,4048626,Pending,Paid,Paid Invoice,1665.00,1665.00,payfast,2026-09-20T00:00,2026-09-19T00:00
303726,2026-09-19T00:00,2026-09-19T00:00,21142,4048627,Pending,Paid,Paid Invoice,792.00,792.00,payfast,2026-09-20T00:00,2026-09-19T00:00
303727,2026-09-19T00:00,2026-09-19T00:00,21142,4048628,Pending,Paid,Paid Invoice,198.00,198.00,payfast,2026-09-20T00:00,2026-09-19T00:00
303683,2026-09-18T00:00,2026-09-18T00:00,98616,4048174,Pending,Paid,Paid Invoice,1125.30,1125.30,payfasteft,2026-09-19T00:00,2026-09-18T00:00
303684,2026-09-18T00:00,2026-09-18T00:00,159644,4048179,Pending,Paid,Paid Invoice,51.57,51.57,payfasteft,2026-09-19T00:00,2026-09-18T00:00
303685,2026-09-18T00:00,2026-09-18T00:00,159653,4048180,Pending,Cancelled,Cancelled,99.00,99.00,offlinedeposit,2026-09-19T00:00,
303686,2026-09-18T00:00,2026-09-18T00:00,159653,4048182,Pending,Paid,Paid Invoice,99.00,99.00,offlinedeposit,2026-09-19T00:00,2026-09-19T00:00
303687,2026-09-18T00:00,2026-09-18T00:00,33660,4048183,Pending,Paid,Paid Invoice,1328.31,1328.31,payfasteft,2026-09-19T00:00,2026-09-18T00:00
303689,2026-09-18T00:00,2026-09-18T00:00,56076,4048184,Pending,Paid,Paid Invoice,55.90,55.90,mygateDebit,2026-09-19T00:00,2026-09-25T00:00
303690,2026-09-18T00:00,2026-09-18T00:00,159654,4048187,Pending,Paid,Paid Invoice,99.00,99.00,payfast,2026-09-19T00:00,2026-09-18T00:00
303691,2026-09-18T00:00,2026-09-18T00:00,120537,4048188,Pending,Paid,Paid Invoice,42.90,42.90,payfast,2026-09-19T00:00,2026-09-18T00:00
303692,2026-09-18T00:00,2026-09-18T00:00,17672,4048189,Pending,Paid,Paid Invoice,99.00,99.00,payfast,2026-09-19T00:00,2026-09-18T00:00
303695,2026-09-18T00:00,2026-09-18T00:00,4794,4048201,Pending,Paid,Paid Invoice,39.00,39.00,payfast,2026-09-19T00:00,2026-09-18T00:00
303697,2026-09-18T00:00,2026-09-18T00:00,41492,4048202,Pending,Unpaid,Unpaid,109.00,109.00,banktransfer,2026-09-19T00:00,
303698,2026-09-18T00:00,2026-09-18T00:00,159655,4048203,Pending,Paid,Paid Invoice,250.23,250.23,payfasteft,2026-09-19T00:00,2026-09-18T00:00
303699,2026-09-18T00:00,2026-09-18T00:00,109433,4048204,Pending,Paid,Paid Invoice,1019.40,1019.40,payfasteft,2026-09-19T00:00,2026-09-18T00:00
303700,2026-09-18T00:00,2026-09-18T00:00,41492,4048207,Pending,Unpaid,Unpaid,109.00,109.00,banktransfer,2026-09-19T00:00,
303701,2026-09-18T00:00,2026-09-18T00:00,158334,4048209,Pending,Paid,Paid Invoice,42.90,42.90,payfasteft,2026-09-19T00:00,2026-09-18T00:00
303702,2026-09-18T00:00,2026-09-18T00:00,40996,4048210,Pending,Paid,Paid Invoice,859.00,859.00,payfast,2026-09-19T00:00,2026-09-18T00:00
303704,2026-09-18T00:00,2026-09-18T00:00,159653,4048212,Pending,Paid,Paid Invoice,42.90,42.90,mygateDebit,2026-09-19T00:00,2026-09-19T00:00
303706,2026-09-18T00:00,2026-09-18T00:00,41492,4048213,Pending,Cancelled,Cancelled,339.00,339.00,mygateDebit,2026-09-19T00:00,
303707,2026-09-18T00:00,2026-09-18T00:00,41492,4048214,Pending,Unpaid,Unpaid,339.00,339.00,banktransfer,2026-09-19T00:00,
303708,2026-09-18T00:00,2026-09-18T00:00,70908,4048215,Pending,Paid,Paid Invoice,99.00,99.00,payfast,2026-09-19T00:00,2026-09-18T00:00
303709,2026-09-18T00:00,2026-09-18T00:00,5707,4048217,Pending,Paid,Paid Invoice,28.17,28.17,payfast,2026-09-19T00:00,2026-09-18T00:00
303710,2026-09-18T00:00,2026-09-18T00:00,159657,4048218,Pending,Paid,Paid Invoice,99.00,99.00,payfast,2026-09-19T00:00,2026-09-18T00:00
303711,2026-09-18T00:00,2026-09-18T00:00,159654,4048220,Pending,Paid,Paid Invoice,669.30,669.30,payfast,2026-09-19T00:00,2026-09-18T00:00
303712,2026-09-18T00:00,2026-09-18T00:00,157709,4048221,Pending,Paid,Paid Invoice,266.30,266.30,payfasteft,2026-09-19T00:00,2026-09-22T00:00
303714,2026-09-18T00:00,2026-09-18T00:00,67482,4048222,Pending,Paid,Paid Invoice,42.90,42.90,payfast,2026-09-19T00:00,2026-09-18T00:00
303716,2026-09-18T00:00,2026-09-18T00:00,134387,4048224,Active,Paid,Paid Invoice,151.23,151.23,mygateDebit,2026-09-19T00:00,2026-09-25T00:00
303717,2026-09-18T00:00,2026-09-18T00:00,3465,4048225,Pending,Unpaid,Unpaid,109.00,109.00,payfast,2026-09-19T00:00,
303719,2026-09-18T00:00,2026-09-18T00:00,44411,4048229,Pending,Unpaid,Unpaid,99.00,99.00,payfast,2026-09-19T00:00,
303720,2026-09-18T00:00,2026-09-18T00:00,70908,4048230,Pending,Unpaid,Unpaid,78.00,78.00,payfast,2026-09-19T00:00,
303646,2026-09-17T00:00,2026-09-17T00:00,159647,4047686,Pending,Paid,Paid Invoice,99.00,99.00,payfast,2026-09-18T00:00,2026-09-17T00:00
303647,2026-09-17T00:00,2026-09-17T00:00,137023,4047689,Pending,Paid,Paid Invoice,99.00,99.00,payfast,2026-09-18T00:00,2026-09-17T00:00
303648,2026-09-17T00:00,2026-09-17T00:00,159648,4047690,Pending,Paid,Paid Invoice,39.00,39.00,payfasteft,2026-09-18T00:00,2026-09-17T00:00
303649,2026-09-17T00:00,2026-09-17T00:00,62442,4047692,Pending,Paid,Paid Invoice,671.23,671.23,payfasteft,2026-09-18T00:00,2026-09-17T00:00
303652,2026-09-17T00:00,2026-09-17T00:00,66205,4047701,Pending,Paid,Paid Invoice,75.00,75.00,payfasteft,2026-09-18T00:00,2026-09-17T00:00
303654,2026-09-17T00:00,2026-09-17T00:00,119920,4047704,Pending,Paid,Paid Invoice,99.00,99.00,payfast,2026-09-18T00:00,2026-09-18T00:00
303655,2026-09-17T00:00,2026-09-17T00:00,159649,4047706,Pending,Paid,Paid Invoice,99.00,99.00,payfasteft,2026-09-18T00:00,2026-09-17T00:00
303656,2026-09-17T00:00,2026-09-17T00:00,4265,4047713,Pending,Paid,Paid Invoice,99.00,99.00,payfast,2026-09-18T00:00,2026-09-17T00:00
303658,2026-09-17T00:00,2026-09-17T00:00,159574,4047716,Pending,Paid,Paid Invoice,99.00,99.00,offlinedeposit,2026-09-18T00:00,2026-09-18T00:00
303660,2026-09-17T00:00,2026-09-17T00:00,75758,4047718,Pending,Paid,Paid Invoice,99.00,99.00,payfast,2026-09-18T00:00,2026-09-17T00:00
303661,2026-09-17T00:00,2026-09-17T00:00,4296,4047719,Pending,Paid,Paid Invoice,44.33,44.33,payfast,2026-09-18T00:00,2026-09-17T00:00
303662,2026-09-17T00:00,2026-09-17T00:00,158560,4047720,Pending,Unpaid,Unpaid,99.00,99.00,mygateDebit,2026-09-18T00:00,
303664,2026-09-17T00:00,2026-09-17T00:00,133878,4047722,Pending,Paid,Paid Invoice,99.00,99.00,payfasteft,2026-09-18T00:00,2026-09-17T00:00
303665,2026-09-17T00:00,2026-09-17T00:00,147319,4047723,Pending,Paid,Paid Invoice,30.33,30.33,payfast,2026-09-18T00:00,2026-09-17T00:00
303666,2026-09-17T00:00,2026-09-17T00:00,159650,4047726,Pending,Paid,Paid Invoice,99.00,99.00,payfasteft,2026-09-18T00:00,2026-09-17T00:00
303669,2026-09-17T00:00,2026-09-17T00:00,102009,4047734,Pending,Paid,Paid Invoice,30.33,30.33,payfasteft,2026-09-18T00:00,2026-09-17T00:00
303671,2026-09-17T00:00,2026-09-17T00:00,159650,4047736,Pending,Paid,Paid Invoice,30.33,30.33,payfast,2026-09-18T00:00,2026-09-17T00:00
303672,2026-09-17T00:00,2026-09-17T00:00,130497,4047737,Pending,Paid,Paid Invoice,99.00,99.00,snapscan,2026-09-18T00:00,2026-09-17T00:00
303673,2026-09-17T00:00,2026-09-17T00:00,17387,4047739,Pending,Paid,Paid Invoice,23.33,23.33,snapscan,2026-09-18T00:00,2026-09-17T00:00
303676,2026-09-17T00:00,2026-09-17T00:00,159652,4047742,Pending,Unpaid,Unpaid,99.00,99.00,mygateDebit,2026-09-18T00:00,
303677,2026-09-17T00:00,2026-09-17T00:00,4265,4047743,Pending,Paid,Paid Invoice,99.00,99.00,payfast,2026-09-18T00:00,2026-09-17T00:00
303678,2026-09-17T00:00,2026-09-17T00:00,50731,4047744,Pending,Paid,Paid Invoice,99.00,99.00,payfasteft,2026-09-18T00:00,2026-09-17T00:00
303679,2026-09-17T00:00,2026-09-17T00:00,50731,4047745,Pending,Paid,Paid Invoice,99.00,99.00,payfast,2026-09-18T00:00,2026-09-17T00:00
303680,2026-09-17T00:00,2026-09-17T00:00,137023,4047746,Pending,Paid,Paid Invoice,99.00,99.00,payfasteft,2026-09-18T00:00,2026-09-17T00:00
303681,2026-09-17T00:00,2026-09-17T00:00,159639,4047749,Pending,Paid,Paid Invoice,88.67,88.67,payfasteft,2026-09-18T00:00,2026-09-17T00:00
303682,2026-09-17T00:00,2026-09-17T00:00,59737,4047750,Pending,Unpaid,Unpaid,103.87,103.87,mygateDebit,2026-09-18T00:00,
303611,2026-09-16T00:00,2026-09-16T00:00,159639,4047242,Pending,Paid,Paid Invoice,99.00,99.00,payfasteft,2026-09-17T00:00,2026-09-17T00:00
303612,2026-09-16T00:00,2026-09-16T00:00,156613,4047248,Pending,Paid,Paid Invoice,49.50,49.50,payfast,2026-09-17T00:00,2026-09-16T00:00
303613,2026-09-16T00:00,2026-09-16T00:00,159629,4047254,Pending,Paid,Paid Invoice,49.50,49.50,payfasteft,2026-09-17T00:00,2026-09-16T00:00
303614,2026-09-16T00:00,2026-09-16T00:00,52922,4047258,Pending,Paid,Paid Invoice,289.00,289.00,mygateDebit,2026-09-17T00:00,2026-09-22T00:00
303616,2026-09-16T00:00,2026-09-16T00:00,96820,4047264,Pending,Paid,Paid Invoice,99.00,99.00,mygateDebit,2026-09-17T00:00,2026-09-22T00:00
303617,2026-09-16T00:00,2026-09-16T00:00,109679,4047270,Active,Paid,Paid Invoice,49.50,49.50,mygateDebit,2026-09-17T00:00,2026-09-22T00:00
303618,2026-09-16T00:00,2026-09-16T00:00,159640,4047272,Pending,Unpaid,Unpaid,99.00,99.00,mygateDebit,2026-09-17T00:00,
303619,2026-09-16T00:00,2026-09-16T00:00,159641,4047274,Pending,Paid,Paid Invoice,47.50,47.50,mygateDebit,2026-09-17T00:00,2026-09-16T00:00
303620,2026-09-16T00:00,2026-09-16T00:00,101977,4047275,Pending,Paid,Paid Invoice,109.00,109.00,payfasteft,2026-09-17T00:00,2026-09-16T00:00
303621,2026-09-16T00:00,2026-09-16T00:00,157752,4047279,Pending,Paid,Paid Invoice,84.50,84.50,offlinedeposit,2026-09-17T00:00,2026-09-17T00:00
303622,2026-09-16T00:00,2026-09-16T00:00,159642,4047281,Pending,Paid,Paid Invoice,99.00,99.00,payfast,2026-09-17T00:00,2026-09-16T00:00
303623,2026-09-16T00:00,2026-09-16T00:00,5660,4047282,Pending,Paid,Paid Invoice,269.00,269.00,payfast,2026-09-17T00:00,2026-09-16T00:00
303624,2026-09-16T00:00,2026-09-16T00:00,159641,4047283,Pending,Paid,Paid Invoice,99.00,99.00,payfasteft,2026-09-17T00:00,2026-09-16T00:00
303627,2026-09-16T00:00,2026-09-16T00:00,2194,4047287,Pending,Paid,Paid Invoice,94.50,94.50,payfast,2026-09-17T00:00,2026-09-16T00:00
303630,2026-09-16T00:00,2026-09-16T00:00,126617,4047294,Pending,Paid,Paid Invoice,373.50,373.50,payfasteft,2026-09-17T00:00,2026-09-16T00:00
303631,2026-09-16T00:00,2026-09-16T00:00,45373,4047295,Pending,Paid,Paid Invoice,99.00,99.00,payfast,2026-09-17T00:00,2026-09-16T00:00
303633,2026-09-16T00:00,2026-09-16T00:00,16876,4047298,Pending,Unpaid,Unpaid,99.00,99.00,mygateDebit,2026-09-17T00:00,
303634,2026-09-16T00:00,2026-09-16T00:00,72874,4047300,Pending,Paid,Paid Invoice,99.00,99.00,mygateDebit,2026-09-17T00:00,2026-09-22T00:00
303635,2026-09-16T00:00,2026-09-16T00:00,159643,4047301,Pending,Paid,Paid Invoice,338.50,338.50,mygateDebit,2026-09-17T00:00,2026-09-18T00:00
303636,2026-09-16T00:00,2026-09-16T00:00,159644,4047302,Pending,Paid,Paid Invoice,99.00,99.00,payfasteft,2026-09-17T00:00,2026-09-17T00:00
303639,2026-09-16T00:00,2026-09-16T00:00,553,4047306,Pending,Paid,Paid Invoice,99.00,99.00,payfast,2026-09-17T00:00,2026-09-16T00:00
303641,2026-09-16T00:00,2026-09-16T00:00,159645,4047309,Pending,Paid,Paid Invoice,99.00,99.00,payfast,2026-09-17T00:00,2026-09-16T00:00
303642,2026-09-16T00:00,2026-09-16T00:00,159645,4047310,Pending,Paid,Paid Invoice,32.50,32.50,payfast,2026-09-17T00:00,2026-09-16T00:00
303644,2026-09-16T00:00,2026-09-16T00:00,159646,4047313,Pending,Paid,Paid Invoice,99.00,99.00,payfast,2026-09-17T00:00,2026-09-16T00:00
303645,2026-09-16T00:00,2026-09-16T00:00,45373,4047314,Pending,Paid,Paid Invoice,99.00,99.00,payfast,2026-09-17T00:00,2026-09-16T00:00
303570,2026-09-15T00:00,2026-09-15T00:00,159631,4046731,Pending,Unpaid,Unpaid,899.00,899.00,payfast,2026-09-16T00:00,
303571,2026-09-15T00:00,2026-09-15T00:00,64967,4046736,Active,Cancelled,Cancelled,186.13,186.13,mygateDebit,2026-09-16T00:00,
303572,2026-09-15T00:00,2026-09-15T00:00,10039,4046737,Pending,Paid,Paid Invoice,40.99,99.00,payfast,2026-09-16T00:00,2026-09-15T00:00
303573,2026-09-15T00:00,2026-09-15T00:00,131279,4046738,Pending,Paid,Paid Invoice,99.00,99.00,payfast,2026-09-16T00:00,2026-09-15T00:00
303574,2026-09-15T00:00,2026-09-15T00:00,159632,4046752,Pending,Unpaid,Unpaid,99.00,99.00,mygateDebit,2026-09-16T00:00,
303575,2026-09-15T00:00,2026-09-15T00:00,52847,4046753,Pending,Paid,Paid Invoice,109.00,109.00,payfasteft,2026-09-16T00:00,2026-09-15T00:00
303576,2026-09-15T00:00,2026-09-15T00:00,145512,4046754,Pending,Paid,Paid Invoice,339.00,339.00,payfast,2026-09-16T00:00,2026-09-15T00:00
303577,2026-09-15T00:00,2026-09-15T00:00,37311,4046755,Pending,Paid,Paid Invoice,99.00,99.00,payfast,2026-09-16T00:00,2026-09-15T00:00
303578,2026-09-15T00:00,2026-09-15T00:00,21142,4046758,Pending,Paid,Paid Invoice,685.00,685.00,payfast,2026-09-16T00:00,2026-09-15T00:00
303579,2026-09-15T00:00,2026-09-15T00:00,19928,4046759,Pending,Paid,Paid Invoice,99.00,99.00,offlinedeposit,2026-09-16T00:00,2026-09-21T00:00
303580,2026-09-15T00:00,2026-09-15T00:00,19928,4046760,Pending,Paid,Paid Invoice,99.00,99.00,offlinedeposit,2026-09-16T00:00,2026-09-21T00:00
303581,2026-09-15T00:00,2026-09-15T00:00,159633,4046761,Pending,Unpaid,Unpaid,99.00,99.00,mygateDebit,2026-09-16T00:00,
303582,2026-09-15T00:00,2026-09-15T00:00,19637,4046762,Pending,Paid,Paid Invoice,99.00,99.00,payfasteft,2026-09-16T00:00,2026-09-15T00:00
303583,2026-09-15T00:00,2026-09-15T00:00,159634,4046765,Pending,Unpaid,Unpaid,99.00,99.00,offlinedeposit,2026-09-16T00:00,
303584,2026-09-15T00:00,2026-09-15T00:00,105248,4046766,Pending,Unpaid,Unpaid,99.00,99.00,payfasteft,2026-09-16T00:00,
303585,2026-09-15T00:00,2026-09-15T00:00,19928,4046768,Pending,Paid,Paid Invoice,388.00,388.00,offlinedeposit,2026-09-16T00:00,2026-09-21T00:00
303586,2026-09-15T00:00,2026-09-15T00:00,159622,4046771,Pending,Paid,Paid Invoice,68.80,68.80,payfasteft,2026-09-16T00:00,2026-09-15T00:00
303587,2026-09-15T00:00,2026-09-15T00:00,29346,4046772,Pending,Paid,Paid Invoice,99.00,99.00,payfast,2026-09-16T00:00,2026-09-15T00:00
303590,2026-09-15T00:00,2026-09-15T00:00,158382,4046777,Pending,Unpaid,Unpaid,99.00,99.00,payfasteft,2026-09-16T00:00,
303591,2026-09-15T00:00,2026-09-15T00:00,40672,4046778,Pending,Paid,Paid Invoice,99.00,99.00,payfasteft,2026-09-16T00:00,2026-09-15T00:00
303592,2026-09-15T00:00,2026-09-15T00:00,159635,4046779,Pending,Paid,Paid Invoice,99.00,99.00,mygateDebit,2026-09-16T00:00,2026-09-15T00:00
303593,2026-09-15T00:00,2026-09-15T00:00,17554,4046780,Pending,Paid,Paid Invoice,99.00,99.00,mygateDebit,2026-09-16T00:00,2026-09-21T00:00
303595,2026-09-15T00:00,2026-09-15T00:00,159636,4046786,Pending,Unpaid,Unpaid,68.80,68.80,payfast,2026-09-16T00:00,
303596,2026-09-15T00:00,2026-09-15T00:00,159597,4046789,Pending,Paid,Paid Invoice,52.80,52.80,payfast,2026-09-16T00:00,2026-09-15T00:00
303598,2026-09-15T00:00,2026-09-15T00:00,159637,4046790,Pending,Unpaid,Unpaid,99.00,99.00,mygateDebit,2026-09-16T00:00,
303599,2026-09-15T00:00,2026-09-15T00:00,159638,4046792,Pending,Paid,Paid Invoice,99.00,99.00,offlineeft,2026-09-16T00:00,2026-09-16T00:00
303600,2026-09-15T00:00,2026-09-15T00:00,159635,4046797,Pending,Paid,Paid Invoice,34.67,34.67,payfasteft,2026-09-16T00:00,2026-09-15T00:00
303602,2026-09-15T00:00,2026-09-15T00:00,16087,4046800,Pending,Paid,Paid Invoice,289.00,289.00,payfasteft,2026-09-16T00:00,2026-09-15T00:00
303603,2026-09-15T00:00,2026-09-15T00:00,10205,4046805,Pending,Paid,Paid Invoice,99.00,99.00,payfast,2026-09-16T00:00,2026-09-15T00:00
303604,2026-09-15T00:00,2026-09-15T00:00,52922,4046810,Pending,Cancelled,Cancelled,289.00,289.00,mygateDebit,2026-09-16T00:00,
303605,2026-09-15T00:00,2026-09-15T00:00,10205,4046811,Pending,Paid,Paid Invoice,34.67,34.67,payfast,2026-09-16T00:00,2026-09-15T00:00
303607,2026-09-15T00:00,2026-09-15T00:00,155701,4046814,Pending,Paid,Paid Invoice,169.13,186.13,offlineeft,2026-09-16T00:00,2026-09-17T00:00
303608,2026-09-15T00:00,2026-09-15T00:00,64974,4046817,Pending,Paid,Paid Invoice,299.00,299.00,payfast,2026-09-16T00:00,2026-09-15T00:00
303609,2026-09-15T00:00,2026-09-15T00:00,135598,4046818,Pending,Paid,Paid Invoice,99.00,99.00,mygateDebit,2026-09-16T00:00,2026-09-21T00:00
303610,2026-09-15T00:00,2026-09-15T00:00,117334,4046821,Pending,Paid,Paid Invoice,109.00,109.00,payfasteft,2026-09-16T00:00,2026-09-15T00:00
303527,2026-09-14T00:00,2026-09-14T00:00,2014,4046225,Pending,Paid,Paid Invoice,39.67,39.67,payfasteft,2026-09-15T00:00,2026-09-14T00:00
303528,2026-09-14T00:00,2026-09-14T00:00,142206,4046226,Pending,Paid,Paid Invoice,109.00,109.00,offlineeft,2026-09-15T00:00,2026-09-15T00:00
303529,2026-09-14T00:00,2026-09-14T00:00,70726,4046227,Pending,Unpaid,Unpaid,109.00,109.00,mygateDebit,2026-09-15T00:00,
303530,2026-09-14T00:00,2026-09-14T00:00,18670,4046230,Pending,Paid,Paid Invoice,1054.00,1054.00,payfast,2026-09-15T00:00,2026-09-14T00:00
303531,2026-09-14T00:00,2026-09-14T00:00,18054,4046233,Pending,Paid,Paid Invoice,299.00,299.00,mygateDebit,2026-09-15T00:00,2026-09-18T00:00
303532,2026-09-14T00:00,2026-09-14T00:00,159623,4046234,Pending,Paid,Paid Invoice,99.00,99.00,mygateDebit,2026-09-15T00:00,2026-09-14T00:00
303534,2026-09-14T00:00,2026-09-14T00:00,32301,4046248,Pending,Paid,Paid Invoice,109.00,109.00,payfast,2026-09-15T00:00,2026-09-14T00:00
303535,2026-09-14T00:00,2026-09-14T00:00,159618,4046250,Pending,Paid,Paid Invoice,101.10,101.10,payfast,2026-09-15T00:00,2026-09-14T00:00
303537,2026-09-14T00:00,2026-09-14T00:00,159624,4046252,Pending,Unpaid,Unpaid,99.00,99.00,mygateDebit,2026-09-15T00:00,
303539,2026-09-14T00:00,2026-09-14T00:00,102114,4046259,Pending,Paid,Paid Invoice,240.10,240.10,payfasteft,2026-09-15T00:00,2026-09-14T00:00
303540,2026-09-14T00:00,2026-09-14T00:00,157832,4046260,Pending,Paid,Paid Invoice,289.00,289.00,payfast,2026-09-15T00:00,2026-09-14T00:00
303542,2026-09-14T00:00,2026-09-14T00:00,71448,4046262,Pending,Paid,Paid Invoice,289.00,289.00,payfast,2026-09-15T00:00,2026-09-14T00:00
303543,2026-09-14T00:00,2026-09-14T00:00,34505,4046263,Pending,Paid,Paid Invoice,99.00,99.00,payfasteft,2026-09-15T00:00,2026-09-14T00:00
303544,2026-09-14T00:00,2026-09-14T00:00,159625,4046268,Pending,Paid,Paid Invoice,78.77,78.77,payfast,2026-09-15T00:00,2026-09-14T00:00
303546,2026-09-14T00:00,2026-09-14T00:00,109679,4046272,Pending,Paid,Paid Invoice,99.00,99.00,payfast,2026-09-15T00:00,2026-09-14T00:00
303547,2026-09-14T00:00,2026-09-14T00:00,159626,4046274,Pending,Paid,Paid Invoice,53.83,53.83,payfasteft,2026-09-15T00:00,2026-09-14T00:00
303548,2026-09-14T00:00,2026-09-14T00:00,47057,4046277,Pending,Paid,Paid Invoice,109.00,109.00,payfast,2026-09-15T00:00,2026-09-14T00:00
303549,2026-09-14T00:00,2026-09-14T00:00,113057,4046278,Pending,Paid,Paid Invoice,99.00,99.00,payfast,2026-09-15T00:00,2026-09-14T00:00
303550,2026-09-14T00:00,2026-09-14T00:00,159627,4046279,Pending,Paid,Paid Invoice,269.00,269.00,payfast,2026-09-15T00:00,2026-09-14T00:00
303552,2026-09-14T00:00,2026-09-14T00:00,63815,4046283,Pending,Paid,Paid Invoice,523.77,523.77,payfast,2026-09-15T00:00,2026-09-14T00:00
303553,2026-09-14T00:00,2026-09-14T00:00,3997,4046284,Pending,Paid,Paid Invoice,80.01,279.00,payfasteft,2026-09-15T00:00,2026-09-15T00:00
303554,2026-09-14T00:00,2026-09-14T00:00,32158,4046285,Pending,Unpaid,Unpaid,269.00,269.00,banktransfer,2026-09-15T00:00,
303555,2026-09-14T00:00,2026-09-14T00:00,159628,4046288,Pending,Paid,Paid Invoice,78.77,78.77,payfast,2026-09-15T00:00,2026-09-14T00:00
303556,2026-09-14T00:00,2026-09-14T00:00,141298,4046289,Pending,Paid,Paid Invoice,68.00,68.00,mygateDebit,2026-09-15T00:00,2026-09-18T00:00
303557,2026-09-14T00:00,2026-09-14T00:00,155202,4046290,Pending,Paid,Paid Invoice,101.10,101.10,payfast,2026-09-15T00:00,2026-09-14T00:00
303558,2026-09-14T00:00,2026-09-14T00:00,159479,4046293,Pending,Paid,Paid Invoice,36.83,36.83,payfasteft,2026-09-15T00:00,2026-09-14T00:00
303559,2026-09-14T00:00,2026-09-14T00:00,159629,4046295,Pending,Paid,Paid Invoice,99.00,99.00,payfasteft,2026-09-15T00:00,2026-09-14T00:00
303560,2026-09-14T00:00,2026-09-14T00:00,15625,4046296,Pending,Paid,Paid Invoice,109.00,109.00,offlineeft,2026-09-15T00:00,2026-09-15T00:00
303561,2026-09-14T00:00,2026-09-14T00:00,145420,4046297,Pending,Paid,Paid Invoice,7.10,56.10,mygateDebit,2026-09-15T00:00,2026-09-16T00:00
303563,2026-09-14T00:00,2026-09-14T00:00,159585,4046305,Pending,Paid,Paid Invoice,106.67,107.67,payfasteft,2026-09-15T00:00,2026-09-17T00:00
303564,2026-09-14T00:00,2026-09-14T00:00,137023,4046307,Pending,Paid,Paid Invoice,99.00,99.00,payfast,2026-09-15T00:00,2026-09-14T00:00
303565,2026-09-14T00:00,2026-09-14T00:00,42107,4046310,Pending,Paid,Paid Invoice,98.94,99.00,mygateDebit,2026-09-15T00:00,2026-09-17T00:00
303566,2026-09-14T00:00,2026-09-14T00:00,159623,4046311,Pending,Paid,Paid Invoice,73.10,73.10,payfast,2026-09-15T00:00,2026-09-14T00:00
303567,2026-09-14T00:00,2026-09-14T00:00,8930,4046312,Pending,Paid,Paid Invoice,99.00,99.00,payfast,2026-09-15T00:00,2026-09-14T00:00
303568,2026-09-14T00:00,2026-09-14T00:00,159630,4046313,Pending,Unpaid,Unpaid,99.00,99.00,mygateDebit,2026-09-15T00:00,
303569,2026-09-14T00:00,2026-09-14T00:00,8930,4046314,Pending,Paid,Paid Invoice,99.00,99.00,payfast,2026-09-15T00:00,2026-09-14T00:00
303514,2026-09-13T00:00,2026-09-13T00:00,159618,4045766,Pending,Paid,Paid Invoice,89.00,89.00,payfast,2026-09-14T00:00,2026-09-13T00:00
303515,2026-09-13T00:00,2026-09-13T00:00,159619,4045767,Pending,Unpaid,Unpaid,99.00,99.00,mygateDebit,2026-09-14T00:00,
303516,2026-09-13T00:00,2026-09-13T00:00,159620,4045768,Pending,Paid,Paid Invoice,59.40,59.40,payfast,2026-09-14T00:00,2026-09-13T00:00
303517,2026-09-13T00:00,2026-09-13T00:00,30555,4045769,Pending,Paid,Paid Invoice,279.00,279.00,snapscan,2026-09-14T00:00,2026-09-13T00:00
303518,2026-09-13T00:00,2026-09-13T00:00,54090,4045771,Pending,Paid,Paid Invoice,327.00,327.00,payfast,2026-09-14T00:00,2026-09-13T00:00
303520,2026-09-13T00:00,2026-09-13T00:00,68658,4045773,Pending,Unpaid,Unpaid,99.00,99.00,payfast,2026-09-14T00:00,
303521,2026-09-13T00:00,2026-09-13T00:00,68658,4045774,Pending,Paid,Paid Invoice,99.00,99.00,payfasteft,2026-09-14T00:00,2026-09-13T00:00
303523,2026-09-13T00:00,2026-09-13T00:00,159621,4045778,Pending,Unpaid,Unpaid,99.00,99.00,payfast,2026-09-14T00:00,
303524,2026-09-13T00:00,2026-09-13T00:00,159621,4045779,Pending,Paid,Paid Invoice,99.00,99.00,payfast,2026-09-14T00:00,2026-09-13T00:00
303525,2026-09-13T00:00,2026-09-13T00:00,159621,4045780,Pending,Paid,Paid Invoice,77.40,77.40,payfast,2026-09-14T00:00,2026-09-13T00:00
303526,2026-09-13T00:00,2026-09-13T00:00,159622,4045781,Pending,Paid,Paid Invoice,99.00,99.00,payfasteft,2026-09-14T00:00,2026-09-13T00:00
303505,2026-09-12T00:00,2026-09-12T00:00,67475,4045262,Pending,Paid,Paid Invoice,269.00,269.00,payfast,2026-09-13T00:00,2026-09-12T00:00
303506,2026-09-12T00:00,2026-09-12T00:00,159615,4045263,Pending,Paid,Paid Invoice,99.00,99.00,payfast,2026-09-13T00:00,2026-09-12T00:00
303507,2026-09-12T00:00,2026-09-12T00:00,141033,4045264,Pending,Unpaid,Unpaid,99.00,99.00,mygateDebit,2026-09-13T00:00,
303508,2026-09-12T00:00,2026-09-12T00:00,24119,4045265,Pending,Paid,Paid Invoice,99.00,99.00,payfast,2026-09-13T00:00,2026-09-12T00:00
303509,2026-09-12T00:00,2026-09-12T00:00,159616,4045267,Pending,Paid,Paid Invoice,99.00,99.00,payfast,2026-09-13T00:00,2026-09-12T00:00
303510,2026-09-12T00:00,2026-09-12T00:00,18075,4045268,Pending,Paid,Paid Invoice,289.00,289.00,payfasteft,2026-09-13T00:00,2026-09-12T00:00
303511,2026-09-12T00:00,2026-09-12T00:00,159617,4045271,Pending,Paid,Paid Invoice,99.00,99.00,payfasteft,2026-09-13T00:00,2026-09-12T00:00
303512,2026-09-12T00:00,2026-09-12T00:00,40672,4045272,Pending,Paid,Paid Invoice,269.00,269.00,payfast,2026-09-13T00:00,2026-09-12T00:00
303513,2026-09-12T00:00,2026-09-12T00:00,29346,4045273,Pending,Paid,Paid Invoice,99.00,99.00,payfast,2026-09-13T00:00,2026-09-12T00:00
303473,2026-09-11T00:00,2026-09-11T00:00,73714,4044732,Pending,Paid,Paid Invoice,109.00,109.00,payfasteft,2026-09-12T00:00,2026-09-11T00:00
303474,2026-09-11T00:00,2026-09-11T00:00,157446,4044733,Pending,Paid,Paid Invoice,99.00,99.00,payfast,2026-09-12T00:00,2026-09-11T00:00
303475,2026-09-11T00:00,2026-09-11T00:00,157446,4044735,Pending,Paid,Paid Invoice,99.00,99.00,payfast,2026-09-12T00:00,2026-09-11T00:00
303476,2026-09-11T00:00,2026-09-11T00:00,14153,4044754,Pending,Paid,Paid Invoice,99.00,99.00,payfast,2026-09-12T00:00,2026-09-11T00:00
303478,2026-09-11T00:00,2026-09-11T00:00,18755,4044759,Pending,Paid,Paid Invoice,99.00,99.00,payfast,2026-09-12T00:00,2026-09-13T00:00
303479,2026-09-11T00:00,2026-09-11T00:00,59834,4044760,Pending,Paid,Paid Invoice,2097.67,2097.67,mygateDebit,2026-09-12T00:00,2026-09-28T00:00
303480,2026-09-11T00:00,2026-09-11T00:00,66205,4044763,Pending,Paid,Paid Invoice,150.00,150.00,payfasteft,2026-09-12T00:00,2026-09-11T00:00
303481,2026-09-11T00:00,2026-09-11T00:00,18166,4044768,Pending,Paid,Paid Invoice,299.00,299.00,payfasteft,2026-09-12T00:00,2026-09-11T00:00
303482,2026-09-11T00:00,2026-09-11T00:00,159612,4044773,Pending,Paid,Paid Invoice,99.00,99.00,payfasteft,2026-09-12T00:00,2026-09-11T00:00
303483,2026-09-11T00:00,2026-09-11T00:00,159612,4044774,Pending,Paid,Paid Invoice,43.33,43.33,payfasteft,2026-09-12T00:00,2026-09-11T00:00
303484,2026-09-11T00:00,2026-09-11T00:00,66205,4044778,Pending,Paid,Paid Invoice,300.00,300.00,payfasteft,2026-09-12T00:00,2026-09-11T00:00
303485,2026-09-11T00:00,2026-09-11T00:00,159594,4044779,Pending,Paid,Paid Invoice,66.00,66.00,payfasteft,2026-09-12T00:00,2026-09-11T00:00
303487,2026-09-11T00:00,2026-09-11T00:00,41492,4044784,Pending,Unpaid,Unpaid,299.00,299.00,banktransfer,2026-09-12T00:00,
303488,2026-09-11T00:00,2026-09-11T00:00,149787,4044785,Pending,Paid,Paid Invoice,269.00,269.00,payfast,2026-09-12T00:00,2026-09-11T00:00
303490,2026-09-11T00:00,2026-09-11T00:00,41536,4044786,Pending,Unpaid,Unpaid,279.00,279.00,mygateDebit,2026-09-12T00:00,
303491,2026-09-11T00:00,2026-09-11T00:00,67475,4044788,Pending,Cancelled,Cancelled,269.00,269.00,payfast,2026-09-12T00:00,
303492,2026-09-11T00:00,2026-09-11T00:00,70274,4044793,Pending,Paid,Paid Invoice,99.00,99.00,payfast,2026-09-12T00:00,2026-09-11T00:00
303493,2026-09-11T00:00,2026-09-11T00:00,139431,4044794,Pending,Paid,Paid Invoice,66.00,66.00,payfast,2026-09-12T00:00,2026-09-11T00:00
303494,2026-09-11T00:00,2026-09-11T00:00,65899,4044796,Pending,Unpaid,Unpaid,2.00,111.00,payfast,2026-09-12T00:00,
303495,2026-09-11T00:00,2026-09-11T00:00,77169,4044797,Pending,Paid,Paid Invoice,99.00,99.00,payfast,2026-09-12T00:00,2026-09-12T00:00
303496,2026-09-11T00:00,2026-09-11T00:00,77169,4044798,Pending,Cancelled,Cancelled,99.00,99.00,payfast,2026-09-12T00:00,
303497,2026-09-11T00:00,2026-09-11T00:00,65899,4044799,Pending,Unpaid,Unpaid,111.00,111.00,payfast,2026-09-12T00:00,
303498,2026-09-11T00:00,2026-09-11T00:00,65899,4044800,Pending,Paid,Paid Invoice,66.00,66.00,payfast,2026-09-12T00:00,2026-09-11T00:00
303499,2026-09-11T00:00,2026-09-11T00:00,10454,4044801,Pending,Paid,Paid Invoice,99.00,99.00,offlineeft,2026-09-12T00:00,2026-09-13T00:00
303504,2026-09-11T00:00,2026-09-11T00:00,159614,4044812,Pending,Paid,Paid Invoice,66.00,66.00,payfast,2026-09-12T00:00,2026-09-11T00:00
303426,2026-09-10T00:00,2026-09-10T00:00,159603,4044245,Pending,Paid,Paid Invoice,146.67,146.67,payfasteft,2026-09-11T00:00,2026-09-10T00:00
303427,2026-09-10T00:00,2026-09-10T00:00,17872,4044246,Pending,Paid,Paid Invoice,99.00,99.00,payfast,2026-09-11T00:00,2026-09-10T00:00
303428,2026-09-10T00:00,2026-09-10T00:00,65899,4044247,Pending,Paid,Paid Invoice,273.30,273.30,payfast,2026-09-11T00:00,2026-09-10T00:00
303429,2026-09-10T00:00,2026-09-10T00:00,65899,4044248,Pending,Paid,Paid Invoice,533.30,533.30,payfast,2026-09-11T00:00,2026-09-10T00:00
303430,2026-09-10T00:00,2026-09-10T00:00,50394,4044249,Pending,Paid,Paid Invoice,279.00,279.00,payfasteft,2026-09-11T00:00,2026-09-10T00:00
303431,2026-09-10T00:00,2026-09-10T00:00,5660,4044258,Pending,Paid,Paid Invoice,99.00,99.00,payfast,2026-09-11T00:00,2026-09-10T00:00
303432,2026-09-10T00:00,2026-09-10T00:00,44411,4044259,Pending,Paid,Paid Invoice,776.00,776.00,payfast,2026-09-11T00:00,2026-09-10T00:00
303434,2026-09-10T00:00,2026-09-10T00:00,18892,4044282,Pending,Paid,Paid Invoice,99.00,99.00,payfast,2026-09-11T00:00,2026-09-12T00:00
303435,2026-09-10T00:00,2026-09-10T00:00,4794,4044286,Pending,Paid,Paid Invoice,99.00,99.00,payfast,2026-09-11T00:00,2026-09-10T00:00
303436,2026-09-10T00:00,2026-09-10T00:00,20107,4044287,Pending,Paid,Paid Invoice,99.00,99.00,payfast,2026-09-11T00:00,2026-09-10T00:00
303437,2026-09-10T00:00,2026-09-10T00:00,17802,4044288,Pending,Paid,Paid Invoice,99.00,99.00,payfast,2026-09-11T00:00,2026-09-10T00:00
303439,2026-09-10T00:00,2026-09-10T00:00,66740,4044294,Pending,Paid,Paid Invoice,99.00,99.00,payfast,2026-09-11T00:00,2026-09-10T00:00
303440,2026-09-10T00:00,2026-09-10T00:00,66080,4044296,Pending,Paid,Paid Invoice,99.00,99.00,payfast,2026-09-11T00:00,2026-09-10T00:00
303441,2026-09-10T00:00,2026-09-10T00:00,159604,4044297,Pending,Paid,Paid Invoice,348.30,348.30,payfasteft,2026-09-11T00:00,2026-09-29T00:00
303446,2026-09-10T00:00,2026-09-10T00:00,38891,4044302,Pending,Paid,Paid Invoice,69.30,69.30,payfasteft,2026-09-11T00:00,2026-09-13T00:00
303447,2026-09-10T00:00,2026-09-10T00:00,1986,4044304,Pending,Paid,Paid Invoice,388.00,388.00,payfast,2026-09-11T00:00,2026-09-10T00:00
303448,2026-09-10T00:00,2026-09-10T00:00,4601,4044305,Pending,Paid,Paid Invoice,45.50,45.50,payfast,2026-09-11T00:00,2026-09-10T00:00
303449,2026-09-10T00:00,2026-09-10T00:00,29412,4044307,Pending,Cancelled,Cancelled,339.00,339.00,payfasteft,2026-09-11T00:00,
303451,2026-09-10T00:00,2026-09-10T00:00,159605,4044311,Pending,Cancelled,Cancelled,83.30,83.30,payfasteft,2026-09-11T00:00,
303452,2026-09-10T00:00,2026-09-10T00:00,17802,4044314,Pending,Paid,Paid Invoice,99.00,99.00,payfast,2026-09-11T00:00,2026-09-10T00:00
303453,2026-09-10T00:00,2026-09-10T00:00,159606,4044318,Pending,Paid,Paid Invoice,69.30,69.30,payfasteft,2026-09-11T00:00,2026-09-10T00:00
303456,2026-09-10T00:00,2026-09-10T00:00,139806,4044321,Pending,Paid,Paid Invoice,99.00,99.00,payfast,2026-09-11T00:00,2026-09-10T00:00
303457,2026-09-10T00:00,2026-09-10T00:00,19739,4044323,Pending,Unpaid,Unpaid,379.00,379.00,mygateDebit,2026-09-11T00:00,
303458,2026-09-10T00:00,2026-09-10T00:00,33788,4044324,Pending,Paid,Paid Invoice,99.00,99.00,payfast,2026-09-11T00:00,2026-09-10T00:00
303459,2026-09-10T00:00,2026-09-10T00:00,65899,4044325,Pending,Unpaid,Unpaid,279.00,279.00,payfast,2026-09-11T00:00,
303460,2026-09-10T00:00,2026-09-10T00:00,65899,4044326,Pending,Paid,Paid Invoice,279.00,279.00,payfast,2026-09-11T00:00,2026-09-10T00:00
303461,2026-09-10T00:00,2026-09-10T00:00,65899,4044327,Pending,Unpaid,Unpaid,69.30,69.30,payfast,2026-09-11T00:00,
303462,2026-09-10T00:00,2026-09-10T00:00,159607,4044328,Pending,Unpaid,Unpaid,99.00,99.00,mygateDebit,2026-09-11T00:00,
303463,2026-09-10T00:00,2026-09-10T00:00,98576,4044334,Pending,Paid,Paid Invoice,299.00,299.00,payfast,2026-09-11T00:00,2026-09-10T00:00
303464,2026-09-10T00:00,2026-09-10T00:00,159608,4044335,Pending,Paid,Paid Invoice,142.30,142.30,payfast,2026-09-11T00:00,2026-09-10T00:00
303465,2026-09-10T00:00,2026-09-10T00:00,159609,4044336,Pending,Paid,Paid Invoice,99.00,99.00,payfasteft,2026-09-11T00:00,2026-09-10T00:00
303466,2026-09-10T00:00,2026-09-10T00:00,45373,4044338,Pending,Paid,Paid Invoice,99.00,99.00,payfast,2026-09-11T00:00,2026-09-10T00:00
303467,2026-09-10T00:00,2026-09-10T00:00,46910,4044340,Pending,Paid,Paid Invoice,99.00,99.00,payfasteft,2026-09-11T00:00,2026-09-10T00:00
303468,2026-09-10T00:00,2026-09-10T00:00,159609,4044341,Pending,Paid,Paid Invoice,69.30,69.30,payfasteft,2026-09-11T00:00,2026-09-10T00:00
303469,2026-09-10T00:00,2026-09-10T00:00,64598,4044342,Pending,Unpaid,Unpaid,99.00,99.00,payfasteft,2026-09-11T00:00,
303470,2026-09-10T00:00,2026-09-10T00:00,159610,4044343,Pending,Paid,Paid Invoice,99.00,99.00,payfasteft,2026-09-11T00:00,2026-09-10T00:00
303471,2026-09-10T00:00,2026-09-10T00:00,64598,4044344,Pending,Paid,Paid Invoice,99.00,99.00,payfasteft,2026-09-11T00:00,2026-09-10T00:00
303472,2026-09-10T00:00,2026-09-10T00:00,2565,4044345,Pending,Paid,Paid Invoice,99.00,99.00,payfast,2026-09-11T00:00,2026-09-10T00:00
303385,2026-09-09T00:00,2026-09-09T00:00,158474,4043734,Pending,Unpaid,Unpaid,1918.27,1918.27,mygateDebit,2026-09-10T00:00,
303386,2026-09-09T00:00,2026-09-09T00:00,20316,4043735,Pending,Paid,Paid Invoice,279.00,279.00,payfast,2026-09-10T00:00,2026-09-09T00:00
303388,2026-09-09T00:00,2026-09-09T00:00,31521,4043742,Pending,Paid,Paid Invoice,99.00,99.00,payfast,2026-09-10T00:00,2026-09-09T00:00
303390,2026-09-09T00:00,2026-09-09T00:00,159597,4043746,Pending,Paid,Paid Invoice,99.00,99.00,payfast,2026-09-10T00:00,2026-09-09T00:00
303391,2026-09-09T00:00,2026-09-09T00:00,159598,4043747,Pending,Paid,Paid Invoice,99.00,99.00,payfasteft,2026-09-10T00:00,2026-09-09T00:00
303393,2026-09-09T00:00,2026-09-09T00:00,21848,4043751,Pending,Paid,Paid Invoice,109.00,109.00,payfasteft,2026-09-10T00:00,2026-09-09T00:00
303395,2026-09-09T00:00,2026-09-09T00:00,159599,4043755,Pending,Paid,Paid Invoice,146.93,146.93,payfasteft,2026-09-10T00:00,2026-09-09T00:00
303399,2026-09-09T00:00,2026-09-09T00:00,159600,4043761,Pending,Paid,Paid Invoice,99.00,99.00,payfasteft,2026-09-10T00:00,2026-09-14T00:00
303400,2026-09-09T00:00,2026-09-09T00:00,159573,4043763,Pending,Paid,Paid Invoice,71.60,72.60,offlineeft,2026-09-10T00:00,2026-09-10T00:00
303401,2026-09-09T00:00,2026-09-09T00:00,7131,4043765,Pending,Paid,Paid Invoice,299.00,299.00,payfast,2026-09-10T00:00,2026-09-09T00:00
303405,2026-09-09T00:00,2026-09-09T00:00,29346,4043771,Pending,Paid,Paid Invoice,99.00,99.00,payfast,2026-09-10T00:00,2026-09-09T00:00
303406,2026-09-09T00:00,2026-09-09T00:00,159590,4043772,Pending,Paid,Paid Invoice,72.60,72.60,offlinedeposit,2026-09-10T00:00,2026-09-10T00:00
303407,2026-09-09T00:00,2026-09-09T00:00,40672,4043773,Pending,Paid,Paid Invoice,99.00,99.00,payfast,2026-09-10T00:00,2026-09-09T00:00
303411,2026-09-09T00:00,2026-09-09T00:00,71448,4043778,Pending,Paid,Paid Invoice,289.00,289.00,payfast,2026-09-10T00:00,2026-09-14T00:00
303412,2026-09-09T00:00,2026-09-09T00:00,57880,4043779,Pending,Paid,Paid Invoice,289.00,289.00,mygateDebit,2026-09-10T00:00,2026-09-16T00:00
303413,2026-09-09T00:00,2026-09-09T00:00,1892,4043782,Pending,Paid,Paid Invoice,289.00,289.00,payfast,2026-09-10T00:00,2026-09-09T00:00
303414,2026-09-09T00:00,2026-09-09T00:00,26652,4043786,Pending,Paid,Paid Invoice,299.00,299.00,payfasteft,2026-09-10T00:00,2026-09-09T00:00
303415,2026-09-09T00:00,2026-09-09T00:00,21841,4043787,Pending,Paid,Paid Invoice,111.00,568.00,payfast,2026-09-10T00:00,2026-09-09T00:00
303416,2026-09-09T00:00,2026-09-09T00:00,159601,4043789,Pending,Paid,Paid Invoice,99.00,99.00,payfast,2026-09-10T00:00,2026-09-09T00:00
303418,2026-09-09T00:00,2026-09-09T00:00,157685,4043795,Pending,Unpaid,Unpaid,82.27,87.27,payfasteft,2026-09-10T00:00,
303419,2026-09-09T00:00,2026-09-09T00:00,159602,4043796,Pending,Unpaid,Unpaid,1003.51,1003.51,payfasteft,2026-09-10T00:00,
303420,2026-09-09T00:00,2026-09-09T00:00,157622,4043797,Pending,Paid,Paid Invoice,1003.51,1003.51,payfasteft,2026-09-10T00:00,2026-09-09T00:00
303421,2026-09-09T00:00,2026-09-09T00:00,159456,4043798,Pending,Paid,Paid Invoice,72.60,72.60,payfasteft,2026-09-10T00:00,2026-09-10T00:00
303423,2026-09-09T00:00,2026-09-09T00:00,103777,4043801,Pending,Paid,Paid Invoice,99.00,99.00,payfast,2026-09-10T00:00,2026-09-09T00:00
303424,2026-09-09T00:00,2026-09-09T00:00,123640,4043803,Pending,Paid,Paid Invoice,299.00,299.00,payfast,2026-09-10T00:00,2026-09-09T00:00
303425,2026-09-09T00:00,2026-09-09T00:00,9985,4043806,Pending,Paid,Paid Invoice,396.00,396.00,payfast,2026-09-10T00:00,2026-09-09T00:00
303346,2026-09-08T00:00,2026-09-08T00:00,120442,4043185,Pending,Paid,Paid Invoice,99.00,99.00,payfast,2026-09-09T00:00,2026-09-08T00:00
303347,2026-09-08T00:00,2026-09-08T00:00,44227,4043192,Pending,Paid,Paid Invoice,20.00,279.00,payfasteft,2026-09-09T00:00,2026-09-08T00:00
303350,2026-09-08T00:00,2026-09-08T00:00,70281,4043201,Pending,Paid,Paid Invoice,1299.00,1299.00,payfast,2026-09-09T00:00,2026-09-08T00:00
303352,2026-09-08T00:00,2026-09-08T00:00,144758,4043228,Pending,Paid,Paid Invoice,99.00,99.00,payfast,2026-09-09T00:00,2026-09-08T00:00
303354,2026-09-08T00:00,2026-09-08T00:00,55500,4043231,Pending,Cancelled,Cancelled,307.19,307.19,mygateDebit,2026-09-09T00:00,
303355,2026-09-08T00:00,2026-09-08T00:00,55500,4043232,Pending,Paid,Paid Invoice,307.19,307.19,payfast,2026-09-09T00:00,2026-09-10T00:00
303357,2026-09-08T00:00,2026-09-08T00:00,32598,4043248,Pending,Paid,Paid Invoice,643.90,643.90,payfast,2026-09-09T00:00,2026-09-08T00:00
303358,2026-09-08T00:00,2026-09-08T00:00,7467,4043256,Pending,Paid,Paid Invoice,99.00,99.00,payfasteft,2026-09-09T00:00,2026-09-08T00:00
303359,2026-09-08T00:00,2026-09-08T00:00,131085,4043264,Pending,Paid,Paid Invoice,99.00,99.00,banktransfer,2026-09-09T00:00,2026-09-15T00:00
303360,2026-09-08T00:00,2026-09-08T00:00,72299,4043267,Pending,Paid,Paid Invoice,378.00,378.00,payfasteft,2026-09-09T00:00,2026-09-08T00:00
303361,2026-09-08T00:00,2026-09-08T00:00,79888,4043268,Pending,Paid,Paid Invoice,75.90,75.90,payfasteft,2026-09-09T00:00,2026-09-08T00:00
303364,2026-09-08T00:00,2026-09-08T00:00,65641,4043287,Pending,Paid,Paid Invoice,99.00,99.00,payfast,2026-09-09T00:00,2026-09-08T00:00
303365,2026-09-08T00:00,2026-09-08T00:00,38915,4043288,Pending,Paid,Paid Invoice,99.00,99.00,payfast,2026-09-09T00:00,2026-09-08T00:00
303366,2026-09-08T00:00,2026-09-08T00:00,65641,4043289,Pending,Paid,Paid Invoice,289.00,289.00,payfast,2026-09-09T00:00,2026-09-08T00:00
303367,2026-09-08T00:00,2026-09-08T00:00,159591,4043296,Pending,Paid,Paid Invoice,99.00,99.00,payfasteft,2026-09-09T00:00,2026-09-08T00:00
303368,2026-09-08T00:00,2026-09-08T00:00,105011,4043297,Pending,Paid,Paid Invoice,49.83,49.83,payfasteft,2026-09-09T00:00,2026-09-09T00:00
303370,2026-09-08T00:00,2026-09-08T00:00,70605,4043301,Pending,Paid,Paid Invoice,89.00,99.00,payfast,2026-09-09T00:00,2026-09-08T00:00
303371,2026-09-08T00:00,2026-09-08T00:00,70605,4043302,Pending,Paid,Paid Invoice,99.00,99.00,payfast,2026-09-09T00:00,2026-09-08T00:00
303372,2026-09-08T00:00,2026-09-08T00:00,70605,4043306,Pending,Cancelled,Cancelled,99.00,99.00,payfast,2026-09-09T00:00,
303373,2026-09-08T00:00,2026-09-08T00:00,70605,4043307,Pending,Paid,Paid Invoice,99.00,99.00,payfast,2026-09-09T00:00,2026-09-08T00:00
303375,2026-09-08T00:00,2026-09-08T00:00,159484,4043314,Pending,Paid,Paid Invoice,49.83,49.83,payfast,2026-09-09T00:00,2026-09-08T00:00
303377,2026-09-08T00:00,2026-09-08T00:00,159592,4043322,Pending,Unpaid,Unpaid,99.00,99.00,payfasteft,2026-09-09T00:00,
303378,2026-09-08T00:00,2026-09-08T00:00,159593,4043323,Pending,Unpaid,Unpaid,99.00,99.00,payfasteft,2026-09-09T00:00,
303379,2026-09-08T00:00,2026-09-08T00:00,256,4043325,Pending,Paid,Paid Invoice,75.90,75.90,payfast,2026-09-09T00:00,2026-09-08T00:00
303380,2026-09-08T00:00,2026-09-08T00:00,159594,4043327,Pending,Paid,Paid Invoice,99.00,99.00,payfasteft,2026-09-09T00:00,2026-09-08T00:00
303381,2026-09-08T00:00,2026-09-08T00:00,31521,4043329,Pending,Paid,Paid Invoice,99.00,99.00,payfast,2026-09-09T00:00,2026-09-08T00:00
303382,2026-09-08T00:00,2026-09-08T00:00,45225,4043331,Pending,Paid,Paid Invoice,487.00,487.00,payfast,2026-09-09T00:00,2026-09-08T00:00
303302,2026-09-07T00:00,2026-09-07T00:00,159582,4042596,Pending,Paid,Paid Invoice,99.00,99.00,payfasteft,2026-09-08T00:00,2026-09-08T00:00
303303,2026-09-07T00:00,2026-09-07T00:00,159583,4042662,Pending,Paid,Paid Invoice,91.00,91.00,payfast,2026-09-08T00:00,2026-09-07T00:00
303304,2026-09-07T00:00,2026-09-07T00:00,30338,4042666,Pending,Paid,Paid Invoice,99.00,99.00,payfasteft,2026-09-08T00:00,2026-09-07T00:00
303306,2026-09-07T00:00,2026-09-07T00:00,159584,4042673,Pending,Paid,Paid Invoice,99.00,99.00,payfasteft,2026-09-08T00:00,2026-09-25T00:00
303307,2026-09-07T00:00,2026-09-07T00:00,159585,4042676,Pending,Paid,Paid Invoice,269.00,269.00,offlineeft,2026-09-08T00:00,2026-09-08T00:00
303309,2026-09-07T00:00,2026-09-07T00:00,159586,4042681,Pending,Paid,Paid Invoice,99.00,99.00,payfast,2026-09-08T00:00,2026-09-07T00:00
303310,2026-09-07T00:00,2026-09-07T00:00,159586,4042685,Pending,Paid,Paid Invoice,52.00,52.00,payfast,2026-09-08T00:00,2026-09-07T00:00
303311,2026-09-07T00:00,2026-09-07T00:00,65641,4042687,Pending,Paid,Paid Invoice,289.00,289.00,payfast,2026-09-08T00:00,2026-09-07T00:00
303314,2026-09-07T00:00,2026-09-07T00:00,23731,4042700,Pending,Paid,Paid Invoice,99.00,99.00,payfast,2026-09-08T00:00,2026-09-07T00:00
303317,2026-09-07T00:00,2026-09-07T00:00,48991,4042703,Pending,Paid,Paid Invoice,279.00,279.00,payfasteft,2026-09-08T00:00,2026-09-07T00:00
303321,2026-09-07T00:00,2026-09-07T00:00,152765,4042713,Pending,Paid,Paid Invoice,99.00,99.00,payfasteft,2026-09-08T00:00,2026-09-07T00:00
303323,2026-09-07T00:00,2026-09-07T00:00,154650,4042718,Pending,Paid,Paid Invoice,289.00,289.00,payfast,2026-09-08T00:00,2026-09-07T00:00
303324,2026-09-07T00:00,2026-09-07T00:00,159587,4042720,Pending,Unpaid,Unpaid,3577.40,3577.40,mygateDebit,2026-09-08T00:00,
303326,2026-09-07T00:00,2026-09-07T00:00,150110,4042723,Pending,Paid,Paid Invoice,99.00,99.00,payfast,2026-09-08T00:00,2026-09-07T00:00
303328,2026-09-07T00:00,2026-09-07T00:00,136807,4042726,Pending,Cancelled,Cancelled,109.00,109.00,mygateDebit,2026-09-08T00:00,
303329,2026-09-07T00:00,2026-09-07T00:00,103627,4042728,Pending,Paid,Paid Invoice,199.00,199.00,payfasteft,2026-09-08T00:00,2026-09-07T00:00
303331,2026-09-07T00:00,2026-09-07T00:00,159588,4042731,Pending,Paid,Paid Invoice,79.20,79.20,payfasteft,2026-09-08T00:00,2026-09-07T00:00
303333,2026-09-07T00:00,2026-09-07T00:00,32879,4042740,Pending,Paid,Paid Invoice,99.00,99.00,payfast,2026-09-08T00:00,2026-09-07T00:00
303334,2026-09-07T00:00,2026-09-07T00:00,66205,4042741,Pending,Paid,Paid Invoice,75.00,75.00,payfasteft,2026-09-08T00:00,2026-09-07T00:00
303335,2026-09-07T00:00,2026-09-07T00:00,156510,4042745,Pending,Paid,Paid Invoice,109.00,109.00,payfasteft,2026-09-08T00:00,2026-09-07T00:00
303337,2026-09-07T00:00,2026-09-07T00:00,48993,4042751,Pending,Paid,Paid Invoice,69.00,99.00,payfasteft,2026-09-08T00:00,2026-09-07T00:00
303338,2026-09-07T00:00,2026-09-07T00:00,62443,4042753,Pending,Unpaid,Unpaid,99.00,99.00,mygateDebit,2026-09-08T00:00,
303339,2026-09-07T00:00,2026-09-07T00:00,62443,4042754,Pending,Paid,Paid Invoice,99.00,99.00,payfast,2026-09-08T00:00,2026-09-07T00:00
303341,2026-09-07T00:00,2026-09-07T00:00,65732,4042756,Pending,Cancelled,Cancelled,99.00,99.00,offlinedeposit,2026-09-08T00:00,
303342,2026-09-07T00:00,2026-09-07T00:00,159590,4042757,Pending,Cancelled,Cancelled,99.00,99.00,payfasteft,2026-09-08T00:00,
303287,2026-09-06T00:00,2026-09-06T00:00,119056,4042074,Pending,Paid,Paid Invoice,142.40,199.00,payfast,2026-09-07T00:00,2026-09-06T00:00
303288,2026-09-06T00:00,2026-09-06T00:00,119056,4042075,Pending,Paid,Paid Invoice,1374.12,1374.12,payfast,2026-09-07T00:00,2026-09-06T00:00
303290,2026-09-06T00:00,2026-09-06T00:00,159580,4042077,Pending,Paid,Paid Invoice,39.00,39.00,payfast,2026-09-07T00:00,2026-09-06T00:00
303292,2026-09-06T00:00,2026-09-06T00:00,156516,4042081,Pending,Paid,Paid Invoice,138.00,138.00,payfasteft,2026-09-07T00:00,2026-09-06T00:00
303293,2026-09-06T00:00,2026-09-06T00:00,2337,4042082,Pending,Paid,Paid Invoice,99.00,99.00,payfasteft,2026-09-07T00:00,2026-09-06T00:00
303294,2026-09-06T00:00,2026-09-06T00:00,99721,4042083,Pending,Paid,Paid Invoice,259.00,289.00,offlinedeposit,2026-09-07T00:00,2026-09-07T00:00
303295,2026-09-06T00:00,2026-09-06T00:00,4458,4042084,Pending,Paid,Paid Invoice,289.00,289.00,payfast,2026-09-07T00:00,2026-09-06T00:00
303296,2026-09-06T00:00,2026-09-06T00:00,70605,4042085,Pending,Paid,Paid Invoice,109.00,109.00,payfast,2026-09-07T00:00,2026-09-06T00:00
303298,2026-09-06T00:00,2026-09-06T00:00,156577,4042087,Pending,Paid,Paid Invoice,289.00,289.00,payfast,2026-09-07T00:00,2026-09-06T00:00
303299,2026-09-06T00:00,2026-09-06T00:00,83792,4042088,Pending,Paid,Paid Invoice,99.00,99.00,payfast,2026-09-07T00:00,2026-09-06T00:00
303300,2026-09-06T00:00,2026-09-06T00:00,159581,4042089,Pending,Paid,Paid Invoice,107.50,107.50,payfast,2026-09-07T00:00,2026-09-13T00:00
303301,2026-09-06T00:00,2026-09-06T00:00,159466,4042091,Pending,Unpaid,Unpaid,82.50,82.50,payfast,2026-09-07T00:00,
303275,2026-09-05T00:00,2026-09-05T00:00,18856,4041612,Pending,Paid,Paid Invoice,99.00,99.00,payfast,2026-09-06T00:00,2026-09-05T00:00
303277,2026-09-05T00:00,2026-09-05T00:00,152457,4041617,Pending,Paid,Paid Invoice,99.00,99.00,payfast,2026-09-06T00:00,2026-09-05T00:00
303279,2026-09-05T00:00,2026-09-05T00:00,159564,4041619,Pending,Paid,Paid Invoice,99.00,99.00,payfast,2026-09-06T00:00,2026-09-05T00:00
303280,2026-09-05T00:00,2026-09-05T00:00,159555,4041620,Pending,Cancelled,Cancelled,104.00,104.00,mygateDebit,2026-09-06T00:00,
303281,2026-09-05T00:00,2026-09-05T00:00,159555,4041621,Pending,Cancelled,Cancelled,279.00,279.00,mygateDebit,2026-09-06T00:00,
303282,2026-09-05T00:00,2026-09-05T00:00,38204,4041622,Pending,Paid,Paid Invoice,99.00,99.00,payfast,2026-09-06T00:00,2026-09-05T00:00
303283,2026-09-05T00:00,2026-09-05T00:00,156639,4041623,Active,Unpaid,Unpaid,99.00,99.00,payfast,2026-09-06T00:00,
303284,2026-09-05T00:00,2026-09-05T00:00,156984,4041625,Pending,Paid,Paid Invoice,279.00,279.00,payfasteft,2026-09-06T00:00,2026-09-05T00:00
303285,2026-09-05T00:00,2026-09-05T00:00,156984,4041631,Pending,Paid,Paid Invoice,56.33,56.33,payfasteft,2026-09-06T00:00,2026-09-05T00:00
303286,2026-09-05T00:00,2026-09-05T00:00,65092,4041632,Pending,Paid,Paid Invoice,85.80,85.80,payfast,2026-09-06T00:00,2026-09-05T00:00
303232,2026-09-04T00:00,2026-09-04T00:00,38296,4040787,Pending,Paid,Paid Invoice,109.00,109.00,payfast,2026-09-05T00:00,2026-09-04T00:00
303233,2026-09-04T00:00,2026-09-04T00:00,40286,4040788,Pending,Paid,Paid Invoice,99.00,99.00,mygateDebit,2026-09-05T00:00,2026-09-09T00:00
303235,2026-09-04T00:00,2026-09-04T00:00,139806,4040791,Pending,Paid,Paid Invoice,99.00,99.00,payfast,2026-09-05T00:00,2026-09-04T00:00
303236,2026-09-04T00:00,2026-09-04T00:00,58741,4040792,Pending,Paid,Paid Invoice,299.00,299.00,payfasteft,2026-09-05T00:00,2026-09-04T00:00
303238,2026-09-04T00:00,2026-09-04T00:00,17072,4040840,Pending,Paid,Paid Invoice,99.00,99.00,payfast,2026-09-05T00:00,2026-09-04T00:00
303240,2026-09-04T00:00,2026-09-04T00:00,22060,4040842,Pending,Paid,Paid Invoice,3202.66,3202.66,payfasteft,2026-09-05T00:00,2026-09-17T00:00
303241,2026-09-04T00:00,2026-09-04T00:00,15761,4040843,Pending,Paid,Paid Invoice,99.00,99.00,payfasteft,2026-09-05T00:00,2026-09-04T00:00
303244,2026-09-04T00:00,2026-09-04T00:00,135242,4040845,Pending,Unpaid,Unpaid,99.00,99.00,snapscan,2026-09-05T00:00,
303245,2026-09-04T00:00,2026-09-04T00:00,135242,4040846,Pending,Paid,Paid Invoice,99.00,99.00,payfasteft,2026-09-05T00:00,2026-09-04T00:00
303246,2026-09-04T00:00,2026-09-04T00:00,8026,4040848,Pending,Paid,Paid Invoice,12842.77,12842.77,payfasteft,2026-09-05T00:00,2026-09-04T00:00
303247,2026-09-04T00:00,2026-09-04T00:00,156984,4040850,Pending,Paid,Paid Invoice,89.10,89.10,payfasteft,2026-09-05T00:00,2026-09-05T00:00
303248,2026-09-04T00:00,2026-09-04T00:00,27487,4040853,Pending,Paid,Paid Invoice,198.00,198.00,mygateDebit,2026-09-05T00:00,2026-09-09T00:00
303249,2026-09-04T00:00,2026-09-04T00:00,159565,4040856,Pending,Paid,Paid Invoice,89.10,89.10,payfasteft,2026-09-05T00:00,2026-09-04T00:00
303251,2026-09-04T00:00,2026-09-04T00:00,159573,4040861,Pending,Paid,Paid Invoice,99.00,99.00,offlineeft,2026-09-05T00:00,2026-09-06T00:00
303253,2026-09-04T00:00,2026-09-04T00:00,159574,4040863,Pending,Paid,Paid Invoice,99.00,99.00,offlinedeposit,2026-09-05T00:00,2026-09-05T00:00
303254,2026-09-04T00:00,2026-09-04T00:00,66507,4040864,Pending,Paid,Paid Invoice,99.00,99.00,payfast,2026-09-05T00:00,2026-09-04T00:00
303255,2026-09-04T00:00,2026-09-04T00:00,10232,4040865,Pending,Paid,Paid Invoice,99.00,99.00,snapscan,2026-09-05T00:00,2026-09-04T00:00
303257,2026-09-04T00:00,2026-09-04T00:00,22787,4040866,Pending,Paid,Paid Invoice,8302.20,8302.20,mygateDebit,2026-09-05T00:00,2026-09-10T00:00
303258,2026-09-04T00:00,2026-09-04T00:00,26867,4040867,Pending,Paid,Paid Invoice,99.00,99.00,payfast,2026-09-05T00:00,2026-09-04T00:00
303259,2026-09-04T00:00,2026-09-04T00:00,72840,4040869,Pending,Paid,Paid Invoice,1079.10,1079.10,payfast,2026-09-05T00:00,2026-09-07T00:00
303260,2026-09-04T00:00,2026-09-04T00:00,159575,4040870,Pending,Unpaid,Unpaid,99.00,99.00,mygateDebit,2026-09-05T00:00,
303261,2026-09-04T00:00,2026-09-04T00:00,139201,4040872,Pending,Cancelled,Cancelled,289.00,289.00,payfast,2026-09-05T00:00,
303262,2026-09-04T00:00,2026-09-04T00:00,159542,4040873,Pending,Paid,Paid Invoice,1079.10,1079.10,payfast,2026-09-05T00:00,2026-09-04T00:00
303263,2026-09-04T00:00,2026-09-04T00:00,159576,4040875,Pending,Paid,Paid Invoice,289.00,289.00,offlineeft,2026-09-05T00:00,2026-09-06T00:00
303264,2026-09-04T00:00,2026-09-04T00:00,41051,4040880,Pending,Paid,Paid Invoice,99.00,99.00,payfast,2026-09-05T00:00,2026-09-08T00:00
303265,2026-09-04T00:00,2026-09-04T00:00,159577,4040883,Pending,Paid,Paid Invoice,134.10,134.10,mygateDebit,2026-09-05T00:00,2026-09-04T00:00
303266,2026-09-04T00:00,2026-09-04T00:00,156501,4040884,Pending,Paid,Paid Invoice,99.00,99.00,payfast,2026-09-05T00:00,2026-09-04T00:00
303267,2026-09-04T00:00,2026-09-04T00:00,156501,4040885,Pending,Paid,Paid Invoice,89.10,89.10,payfast,2026-09-05T00:00,2026-09-04T00:00
303271,2026-09-04T00:00,2026-09-04T00:00,53654,4040889,Pending,Paid,Paid Invoice,299.00,299.00,payfasteft,2026-09-05T00:00,2026-09-04T00:00
303272,2026-09-04T00:00,2026-09-04T00:00,4839,4040890,Pending,Paid,Paid Invoice,99.00,99.00,payfasteft,2026-09-05T00:00,2026-09-04T00:00
303273,2026-09-04T00:00,2026-09-04T00:00,159579,4040892,Pending,Paid,Paid Invoice,89.10,89.10,payfasteft,2026-09-05T00:00,2026-09-04T00:00
303274,2026-09-04T00:00,2026-09-04T00:00,71640,4040893,Pending,Paid,Paid Invoice,89.10,89.10,snapscan,2026-09-05T00:00,2026-09-04T00:00
303195,2026-09-03T00:00,2026-09-03T00:00,158695,4040285,Pending,Paid,Paid Invoice,186.67,186.67,payfast,2026-09-04T00:00,2026-09-03T00:00
303199,2026-09-03T00:00,2026-09-03T00:00,20726,4040304,Pending,Paid,Paid Invoice,279.00,279.00,mygateDebit,2026-09-04T00:00,2026-09-08T00:00
303201,2026-09-03T00:00,2026-09-03T00:00,159244,4040307,Pending,Paid,Paid Invoice,325.73,325.73,payfast,2026-09-04T00:00,2026-09-03T00:00
303205,2026-09-03T00:00,2026-09-03T00:00,16882,4040315,Pending,Paid,Paid Invoice,240.80,240.80,payfasteft,2026-09-04T00:00,2026-09-03T00:00
303206,2026-09-03T00:00,2026-09-03T00:00,26652,4040318,Pending,Paid,Paid Invoice,299.00,299.00,payfasteft,2026-09-04T00:00,2026-09-03T00:00
303208,2026-09-03T00:00,2026-09-03T00:00,159566,4040323,Pending,Unpaid,Unpaid,99.00,99.00,mygateDebit,2026-09-04T00:00,
303209,2026-09-03T00:00,2026-09-03T00:00,159567,4040324,Pending,Paid,Paid Invoice,159.67,159.67,payfasteft,2026-09-04T00:00,2026-09-03T00:00
303210,2026-09-03T00:00,2026-09-03T00:00,159568,4040329,Pending,Paid,Paid Invoice,99.00,99.00,offlineeft,2026-09-04T00:00,2026-09-05T00:00
303211,2026-09-03T00:00,2026-09-03T00:00,69151,4040330,Pending,Paid,Paid Invoice,99.00,99.00,payfast,2026-09-04T00:00,2026-09-04T00:00
303212,2026-09-03T00:00,2026-09-03T00:00,54620,4040332,Pending,Paid,Paid Invoice,473.80,473.80,payfasteft,2026-09-04T00:00,2026-09-03T00:00
303213,2026-09-03T00:00,2026-09-03T00:00,96406,4040333,Pending,Paid,Paid Invoice,278.00,299.00,offlineeft,2026-09-04T00:00,2026-09-05T00:00
303214,2026-09-03T00:00,2026-09-03T00:00,116957,4040336,Pending,Paid,Paid Invoice,99.00,99.00,payfast,2026-09-04T00:00,2026-09-03T00:00
303215,2026-09-03T00:00,2026-09-03T00:00,126663,4040344,Pending,Paid,Paid Invoice,7937.79,4023.80,mygateDebit,2026-09-03T00:00,2026-09-09T00:00
303216,2026-09-03T00:00,2026-09-03T00:00,146359,4040345,Pending,Paid,Paid Invoice,279.00,279.00,payfast,2026-09-04T00:00,2026-09-03T00:00
303217,2026-09-03T00:00,2026-09-03T00:00,32043,4040347,Pending,Paid,Paid Invoice,99.00,99.00,payfasteft,2026-09-04T00:00,2026-09-03T00:00
303218,2026-09-03T00:00,2026-09-03T00:00,17866,4040348,Pending,Cancelled,Cancelled,279.00,279.00,payfast,2026-09-04T00:00,
303220,2026-09-03T00:00,2026-09-03T00:00,159569,4040351,Pending,Paid,Paid Invoice,129.73,129.73,payfast,2026-09-04T00:00,2026-09-03T00:00
303221,2026-09-03T00:00,2026-09-03T00:00,17586,4040353,Pending,Paid,Paid Invoice,599.00,599.00,payfast,2026-09-04T00:00,2026-09-03T00:00
303222,2026-09-03T00:00,2026-09-03T00:00,76632,4040355,Pending,Paid,Paid Invoice,99.00,99.00,payfast,2026-09-04T00:00,2026-09-03T00:00
303223,2026-09-03T00:00,2026-09-03T00:00,76632,4040357,Pending,Paid,Paid Invoice,60.67,60.67,payfast,2026-09-04T00:00,2026-09-03T00:00
303224,2026-09-03T00:00,2026-09-03T00:00,64279,4040358,Pending,Paid,Paid Invoice,92.40,92.40,payfast,2026-09-04T00:00,2026-09-03T00:00
303225,2026-09-03T00:00,2026-09-03T00:00,159570,4040361,Pending,Paid,Paid Invoice,288.40,288.40,payfasteft,2026-09-04T00:00,2026-09-03T00:00
303226,2026-09-03T00:00,2026-09-03T00:00,58696,4040362,Pending,Unpaid,Unpaid,388.00,388.00,payfast,2026-09-04T00:00,
303227,2026-09-03T00:00,2026-09-03T00:00,58696,4040363,Pending,Paid,Paid Invoice,388.00,388.00,payfast,2026-09-04T00:00,2026-09-03T00:00
303228,2026-09-03T00:00,2026-09-03T00:00,159571,4040367,Pending,Unpaid,Unpaid,899.00,899.00,payfast,2026-09-04T00:00,
303229,2026-09-03T00:00,2026-09-03T00:00,159572,4040368,Pending,Unpaid,Unpaid,159.67,159.67,payfasteft,2026-09-04T00:00,
303230,2026-09-03T00:00,2026-09-03T00:00,156239,4040374,Pending,Paid,Paid Invoice,109.00,109.00,payfast,2026-09-04T00:00,2026-09-03T00:00
303231,2026-09-03T00:00,2026-09-03T00:00,64598,4040375,Pending,Paid,Paid Invoice,99.00,99.00,payfast,2026-09-04T00:00,2026-09-03T00:00
303143,2026-09-02T00:00,2026-09-02T00:00,159560,4039739,Pending,Unpaid,Unpaid,388.03,388.03,payfast,2026-09-03T00:00,
303144,2026-09-02T00:00,2026-09-02T00:00,159561,4039740,Pending,Paid,Paid Invoice,388.03,388.03,payfasteft,2026-09-03T00:00,2026-09-07T00:00
303146,2026-09-02T00:00,2026-09-02T00:00,76014,4039747,Pending,Unpaid,Unpaid,124.70,124.70,payfasteft,2026-09-03T00:00,
303147,2026-09-02T00:00,2026-09-02T00:00,43710,4039748,Pending,Paid,Paid Invoice,124.70,124.70,payfast,2026-09-03T00:00,2026-09-02T00:00
303148,2026-09-02T00:00,2026-09-02T00:00,17404,4039751,Pending,Paid,Paid Invoice,279.00,279.00,mygateDebit,2026-09-03T00:00,2026-09-04T00:00
303149,2026-09-02T00:00,2026-09-02T00:00,321,4039752,Pending,Paid,Paid Invoice,99.00,99.00,payfasteft,2026-09-03T00:00,2026-09-02T00:00
303150,2026-09-02T00:00,2026-09-02T00:00,110022,4039753,Pending,Paid,Paid Invoice,99.00,99.00,payfast,2026-09-03T00:00,2026-09-02T00:00
303151,2026-09-02T00:00,2026-09-02T00:00,67482,4039754,Pending,Paid,Paid Invoice,95.70,95.70,payfast,2026-09-03T00:00,2026-09-02T00:00
303152,2026-09-02T00:00,2026-09-02T00:00,152457,4039755,Pending,Paid,Paid Invoice,109.00,109.00,payfast,2026-09-03T00:00,2026-09-02T00:00
303153,2026-09-02T00:00,2026-09-02T00:00,10721,4039756,Pending,Paid,Paid Invoice,161.83,161.83,payfasteft,2026-09-03T00:00,2026-09-02T00:00
303154,2026-09-02T00:00,2026-09-02T00:00,159562,4039757,Pending,Paid,Paid Invoice,95.70,95.70,payfasteft,2026-09-03T00:00,2026-09-03T00:00
303155,2026-09-02T00:00,2026-09-02T00:00,159552,4039758,Pending,Paid,Paid Invoice,124.70,124.70,payfast,2026-09-03T00:00,2026-09-02T00:00
303156,2026-09-02T00:00,2026-09-02T00:00,156356,4039761,Pending,Paid,Paid Invoice,99.00,99.00,payfasteft,2026-09-03T00:00,2026-09-02T00:00
303157,2026-09-02T00:00,2026-09-02T00:00,73706,4039763,Pending,Paid,Paid Invoice,99.00,99.00,payfast,2026-09-03T00:00,2026-09-02T00:00
303160,2026-09-02T00:00,2026-09-02T00:00,159552,4039770,Pending,Paid,Paid Invoice,95.70,95.70,payfast,2026-09-03T00:00,2026-09-02T00:00
303163,2026-09-02T00:00,2026-09-02T00:00,33664,4039783,Pending,Cancelled,Cancelled,124.70,124.70,payfast,2026-09-03T00:00,
303164,2026-09-02T00:00,2026-09-02T00:00,126592,4039785,Pending,Paid,Paid Invoice,99.00,99.00,payfast,2026-09-03T00:00,2026-09-23T00:00
303165,2026-09-02T00:00,2026-09-02T00:00,64142,4039788,Pending,Cancelled,Cancelled,99.00,99.00,payfast,2026-09-03T00:00,
303166,2026-09-02T00:00,2026-09-02T00:00,64142,4039789,Pending,Paid,Paid Invoice,99.00,99.00,payfast,2026-09-03T00:00,2026-09-02T00:00
303167,2026-09-02T00:00,2026-09-02T00:00,159545,4039793,Pending,Paid,Paid Invoice,99.00,99.00,payfasteft,2026-09-03T00:00,2026-09-02T00:00
303169,2026-09-02T00:00,2026-09-02T00:00,63913,4039804,Pending,Paid,Paid Invoice,289.00,289.00,payfast,2026-09-03T00:00,2026-09-02T00:00
303170,2026-09-02T00:00,2026-09-02T00:00,159547,4039805,Pending,Paid,Paid Invoice,124.70,124.70,payfast,2026-09-03T00:00,2026-09-02T00:00
303171,2026-09-02T00:00,2026-09-02T00:00,146250,4039806,Pending,Cancelled,Cancelled,299.00,299.00,offlineeft,2026-09-03T00:00,
303172,2026-09-02T00:00,2026-09-02T00:00,146250,4039807,Pending,Cancelled,Cancelled,299.00,299.00,payfast,2026-09-03T00:00,
303174,2026-09-02T00:00,2026-09-02T00:00,51336,4039813,Pending,Cancelled,Cancelled,99.00,99.00,payfast,2026-09-03T00:00,
303176,2026-09-02T00:00,2026-09-02T00:00,51336,4039815,Pending,Paid,Paid Invoice,99.00,99.00,payfast,2026-09-03T00:00,2026-09-02T00:00
303177,2026-09-02T00:00,2026-09-02T00:00,17802,4039821,Pending,Paid,Paid Invoice,99.00,99.00,payfast,2026-09-03T00:00,2026-09-02T00:00
303178,2026-09-02T00:00,2026-09-02T00:00,133399,4039824,Pending,Paid,Paid Invoice,71.61,71.61,payfast,2026-09-03T00:00,2026-09-02T00:00
303179,2026-09-02T00:00,2026-09-02T00:00,17866,4039825,Pending,Paid,Paid Invoice,99.00,99.00,payfast,2026-09-03T00:00,2026-09-02T00:00
303181,2026-09-02T00:00,2026-09-02T00:00,63005,4039829,Pending,Paid,Paid Invoice,99.00,99.00,snapscan,2026-09-03T00:00,2026-09-02T00:00
303183,2026-09-02T00:00,2026-09-02T00:00,54644,4039830,Pending,Paid,Paid Invoice,328.67,328.67,offlineeft,2026-09-03T00:00,2026-09-03T00:00
303184,2026-09-02T00:00,2026-09-02T00:00,135242,4039832,Pending,Unpaid,Unpaid,99.00,99.00,payfasteft,2026-09-03T00:00,
303187,2026-09-02T00:00,2026-09-02T00:00,10721,4039836,Pending,Paid,Paid Invoice,494.37,494.37,payfasteft,2026-09-03T00:00,2026-09-02T00:00
303189,2026-09-02T00:00,2026-09-02T00:00,35356,4039838,Pending,Paid,Paid Invoice,99.00,99.00,payfast,2026-09-03T00:00,2026-09-02T00:00
303190,2026-09-02T00:00,2026-09-02T00:00,17827,4039839,Pending,Paid,Paid Invoice,99.00,99.00,payfasteft,2026-09-03T00:00,2026-09-02T00:00
303191,2026-09-02T00:00,2026-09-02T00:00,159548,4039845,Pending,Paid,Paid Invoice,39.00,39.00,payfast,2026-09-03T00:00,2026-09-02T00:00
303192,2026-09-02T00:00,2026-09-02T00:00,159563,4039846,Pending,Paid,Paid Invoice,99.00,99.00,snapscan,2026-09-03T00:00,2026-09-02T00:00
303193,2026-09-02T00:00,2026-09-02T00:00,159564,4039847,Pending,Paid,Paid Invoice,99.00,99.00,payfast,2026-09-03T00:00,2026-09-02T00:00
303194,2026-09-02T00:00,2026-09-02T00:00,159565,4039848,Pending,Paid,Paid Invoice,99.00,99.00,payfasteft,2026-09-03T00:00,2026-09-02T00:00
303094,2026-09-01T00:00,2026-09-01T00:00,137512,4038912,Pending,Paid,Paid Invoice,99.00,99.00,payfasteft,2026-09-02T00:00,2026-09-01T00:00
303095,2026-09-01T00:00,2026-09-01T00:00,52824,4038914,Pending,Paid,Paid Invoice,299.00,299.00,payfast,2026-09-02T00:00,2026-09-01T00:00
303097,2026-09-01T00:00,2026-09-01T00:00,18117,4038920,Pending,Paid,Paid Invoice,279.00,279.00,payfast,2026-09-02T00:00,2026-09-01T00:00
303098,2026-09-01T00:00,2026-09-01T00:00,159552,4038926,Pending,Paid,Paid Invoice,99.00,99.00,payfast,2026-09-02T00:00,2026-09-01T00:00
303099,2026-09-01T00:00,2026-09-01T00:00,63722,4038929,Pending,Paid,Paid Invoice,299.00,2001.61,payfasteft,2026-09-02T00:00,2026-09-01T00:00
303101,2026-09-01T00:00,2026-09-01T00:00,149684,4038935,Pending,Unpaid,Unpaid,198.00,198.00,payfast,2026-09-02T00:00,
303102,2026-09-01T00:00,2026-09-01T00:00,149684,4038936,Pending,Paid,Paid Invoice,198.00,198.00,payfast,2026-09-02T00:00,2026-09-01T00:00
303103,2026-09-01T00:00,2026-09-01T00:00,157441,4038937,Pending,Paid,Paid Invoice,99.00,99.00,payfast,2026-09-02T00:00,2026-09-01T00:00
303104,2026-09-01T00:00,2026-09-01T00:00,157441,4038938,Pending,Paid,Paid Invoice,100.00,100.00,payfast,2026-09-02T00:00,2026-09-14T00:00
303106,2026-09-01T00:00,2026-09-01T00:00,58243,4038951,Pending,Cancelled,Cancelled,349.00,349.00,mygateDebit,2026-09-02T00:00,
303107,2026-09-01T00:00,2026-09-01T00:00,159553,4038956,Pending,Paid,Paid Invoice,99.00,99.00,payfasteft,2026-09-02T00:00,2026-09-01T00:00
303108,2026-09-01T00:00,2026-09-01T00:00,131279,4038958,Pending,Paid,Paid Invoice,289.00,289.00,payfast,2026-09-02T00:00,2026-09-01T00:00
303109,2026-09-01T00:00,2026-09-01T00:00,139943,4038961,Pending,Paid,Paid Invoice,299.00,299.00,mygateDebit,2026-09-02T00:00,2026-09-07T00:00
303110,2026-09-01T00:00,2026-09-01T00:00,159554,4038964,Pending,Paid,Paid Invoice,99.00,99.00,payfast,2026-09-02T00:00,2026-09-01T00:00
303111,2026-09-01T00:00,2026-09-01T00:00,69457,4038965,Pending,Paid,Paid Invoice,109.00,109.00,mygateDebit,2026-09-02T00:00,2026-09-02T00:00
303112,2026-09-01T00:00,2026-09-01T00:00,159553,4038966,Pending,Paid,Paid Invoice,65.00,65.00,payfasteft,2026-09-02T00:00,2026-09-01T00:00
303113,2026-09-01T00:00,2026-09-01T00:00,157469,4038967,Pending,Paid,Paid Invoice,289.00,289.00,snapscan,2026-09-02T00:00,2026-09-01T00:00
303114,2026-09-01T00:00,2026-09-01T00:00,49789,4038970,Pending,Paid,Paid Invoice,99.00,99.00,payfast,2026-09-02T00:00,2026-09-01T00:00
303120,2026-09-01T00:00,2026-09-01T00:00,159556,4038980,Pending,Paid,Paid Invoice,104.00,104.00,payfast,2026-09-02T00:00,2026-09-01T00:00
303121,2026-09-01T00:00,2026-09-01T00:00,18876,4038982,Pending,Paid,Paid Invoice,558.00,558.00,payfast,2026-09-02T00:00,2026-09-01T00:00
303123,2026-09-01T00:00,2026-09-01T00:00,21984,4038984,Pending,Paid,Paid Invoice,279.00,279.00,mygateDebit,2026-09-02T00:00,2026-09-07T00:00
303124,2026-09-01T00:00,2026-09-01T00:00,66205,4038985,Pending,Paid,Paid Invoice,185.00,185.00,payfasteft,2026-09-02T00:00,2026-09-01T00:00
303125,2026-09-01T00:00,2026-09-01T00:00,138840,4038987,Pending,Paid,Paid Invoice,39.00,39.00,payfasteft,2026-09-02T00:00,2026-09-01T00:00
303126,2026-09-01T00:00,2026-09-01T00:00,36992,4038990,Pending,Cancelled,Cancelled,99.00,99.00,payfast,2026-09-02T00:00,
303127,2026-09-01T00:00,2026-09-01T00:00,159538,4038993,Pending,Cancelled,Cancelled,297.00,297.00,payfast,2026-09-02T00:00,
303128,2026-09-01T00:00,2026-09-01T00:00,43394,4038996,Pending,Cancelled,Cancelled,99.00,99.00,mygateDebit,2026-09-02T00:00,
303129,2026-09-01T00:00,2026-09-01T00:00,43394,4038998,Pending,Cancelled,Cancelled,99.00,99.00,mygateDebit,2026-09-02T00:00,
303130,2026-09-01T00:00,2026-09-01T00:00,158879,4038999,Pending,Unpaid,Unpaid,279.00,279.00,payfasteft,2026-09-02T00:00,
303131,2026-09-01T00:00,2026-09-01T00:00,156607,4039006,Pending,Paid,Paid Invoice,99.00,99.00,mygateDebit,2026-09-02T00:00,2026-09-07T00:00
303133,2026-09-01T00:00,2026-09-01T00:00,60367,4039011,Pending,Paid,Paid Invoice,99.00,99.00,mygateDebit,2026-09-02T00:00,2026-09-07T00:00
303134,2026-09-01T00:00,2026-09-01T00:00,140507,4039012,Pending,Paid,Paid Invoice,289.00,289.00,payfasteft,2026-09-02T00:00,2026-09-01T00:00
303135,2026-09-01T00:00,2026-09-01T00:00,159557,4039015,Pending,Paid,Paid Invoice,388.00,388.00,payfast,2026-09-02T00:00,2026-09-01T00:00
303136,2026-09-01T00:00,2026-09-01T00:00,67482,4039017,Pending,Paid,Paid Invoice,99.00,99.00,payfast,2026-09-02T00:00,2026-09-01T00:00
303137,2026-09-01T00:00,2026-09-01T00:00,159558,4039018,Pending,Unpaid,Unpaid,39.00,39.00,offlineeft,2026-09-02T00:00,
303138,2026-09-01T00:00,2026-09-01T00:00,55863,4039020,Pending,Paid,Paid Invoice,65.00,65.00,payfast,2026-09-02T00:00,2026-09-01T00:00
303139,2026-09-01T00:00,2026-09-01T00:00,67482,4039021,Pending,Paid,Paid Invoice,99.00,99.00,payfast,2026-09-02T00:00,2026-09-01T00:00
303140,2026-09-01T00:00,2026-09-01T00:00,159559,4039023,Pending,Paid,Paid Invoice,139.00,139.00,payfast,2026-09-02T00:00,2026-09-01T00:00
303141,2026-09-01T00:00,2026-09-01T00:00,62197,4039025,Pending,Paid,Paid Invoice,776.00,776.00,payfast,2026-09-02T00:00,2026-09-01T00:00
303142,2026-09-01T00:00,2026-09-01T00:00,157243,4039026,Pending,Paid,Paid Invoice,120.00,120.00,offlineeft,2026-09-02T00:00,2026-09-03T00:00
